BiggID,Feats,Recon3D,Homo sapiens
10005_AT1,ACOT8,Recon3D,Homo sapiens
10005_AT2,ACOT8,Recon3D,Homo sapiens
10005_AT3,ACOT8,Recon3D,Homo sapiens
10007_AT1,GNPDA1,Recon3D,Homo sapiens
100137049_AT1,PLA2G4B,Recon3D,Homo sapiens
10020_AT1,GNE,Recon3D,Homo sapiens
10026_AT1,PIGK,Recon3D,Homo sapiens
100287639_AT1,,Recon3D,Homo sapiens
100288072_AT1,SDR42E2,Recon3D,Homo sapiens
100507855_AT1,,Recon3D,Homo sapiens
10050_AT1,SLC17A4,Recon3D,Homo sapiens
100526794_AT1,NT5C1B-RDH14,Recon3D,Homo sapiens
10057_AT1,ABCC5,Recon3D,Homo sapiens
10057_AT2,ABCC5,Recon3D,Homo sapiens
10058_AT1,ABCB6,Recon3D,Homo sapiens
10060_AT1,ABCC9,Recon3D,Homo sapiens
10087_AT1,COL4A3BP,Recon3D,Homo sapiens
10090_AT1,UST,Recon3D,Homo sapiens
100_AT1,ADA,Recon3D,Homo sapiens
10135_AT1,NAMPT,Recon3D,Homo sapiens
10157_AT1,AASS,Recon3D,Homo sapiens
10164_AT1,CHST4,Recon3D,Homo sapiens
10165_AT1,SLC25A13,Recon3D,Homo sapiens
10166_AT1,SLC25A15,Recon3D,Homo sapiens
10170_AT1,DHRS9,Recon3D,Homo sapiens
10201_AT1,NME6,Recon3D,Homo sapiens
10202_AT1,DHRS2,Recon3D,Homo sapiens
10229_AT1,COQ7,Recon3D,Homo sapiens
10246_AT1,SLC17A2,Recon3D,Homo sapiens
10249_AT1,GLYAT,Recon3D,Homo sapiens
10257_AT1,ABCC4,Recon3D,Homo sapiens
102724197_AT1,,Recon3D,Homo sapiens
102724560_AT1,CBSL,Recon3D,Homo sapiens
10312_AT1,TCIRG1,Recon3D,Homo sapiens
10312_AT2,TCIRG1,Recon3D,Homo sapiens
10317_AT1,B3GALT5,Recon3D,Homo sapiens
10317_AT2,B3GALT5,Recon3D,Homo sapiens
10317_AT3,B3GALT5,Recon3D,Homo sapiens
10317_AT4,B3GALT5,Recon3D,Homo sapiens
10317_AT5,B3GALT5,Recon3D,Homo sapiens
10327_AT1,AKR1A1,Recon3D,Homo sapiens
10327_AT2,AKR1A1,Recon3D,Homo sapiens
10331_AT1,B3GNT3,Recon3D,Homo sapiens
10351_AT1,ABCA8,Recon3D,Homo sapiens
1036_AT1,CDO1,Recon3D,Homo sapiens
10380_AT1,BPNT1,Recon3D,Homo sapiens
10390_AT1,CEPT1,Recon3D,Homo sapiens
10396_AT1,ATP8A1,Recon3D,Homo sapiens
10400_AT1,PEMT,Recon3D,Homo sapiens
10400_AT2,PEMT,Recon3D,Homo sapiens
10400_AT3,PEMT,Recon3D,Homo sapiens
10402_AT1,ST3GAL6,Recon3D,Homo sapiens
1040_AT1,CDS1,Recon3D,Homo sapiens
10423_AT1,CDIPT,Recon3D,Homo sapiens
10423_AT2,CDIPT,Recon3D,Homo sapiens
10449_AT1,ACAA2,Recon3D,Homo sapiens
10455_AT1,ECI2,Recon3D,Homo sapiens
10476_AT1,ATP5H,Recon3D,Homo sapiens
10476_AT2,ATP5H,Recon3D,Homo sapiens
10478_AT1,SLC25A17,Recon3D,Homo sapiens
10553_AT1,HTATIP2,Recon3D,Homo sapiens
10554_AT1,AGPAT1,Recon3D,Homo sapiens
10555_AT1,AGPAT2,Recon3D,Homo sapiens
10558_AT1,SPTLC1,Recon3D,Homo sapiens
10559_AT1,SLC35A1,Recon3D,Homo sapiens
10560_AT1,SLC19A2,Recon3D,Homo sapiens
10568_AT1,SLC34A2,Recon3D,Homo sapiens
1056_AT1,CEL,Recon3D,Homo sapiens
10587_AT1,TXNRD2,Recon3D,Homo sapiens
10588_AT1,MTHFS,Recon3D,Homo sapiens
10599_AT1,SLCO1B1,Recon3D,Homo sapiens
10606_AT1,PAICS,Recon3D,Homo sapiens
10610_AT1,ST6GALNAC2,Recon3D,Homo sapiens
10632_AT1,ATP5L,Recon3D,Homo sapiens
10654_AT1,PMVK,Recon3D,Homo sapiens
1066_AT1,CES1,Recon3D,Homo sapiens
10678_AT1,B3GNT2,Recon3D,Homo sapiens
10678_AT2,B3GNT2,Recon3D,Homo sapiens
10682_AT1,EBP,Recon3D,Homo sapiens
10690_AT1,FUT9,Recon3D,Homo sapiens
10715_AT1,CERS1,Recon3D,Homo sapiens
10720_AT1,UGT2B11,Recon3D,Homo sapiens
10723_AT1,SLC12A7,Recon3D,Homo sapiens
10724_AT1,MGEA5,Recon3D,Homo sapiens
10728_AT1,PTGES3,Recon3D,Homo sapiens
10768_AT1,AHCYL1,Recon3D,Homo sapiens
10768_AT2,AHCYL1,Recon3D,Homo sapiens
10786_AT1,SLC17A3,Recon3D,Homo sapiens
10797_AT1,MTHFD2,Recon3D,Homo sapiens
107_AT1,ADCY1,Recon3D,Homo sapiens
1080_AT1,CFTR,Recon3D,Homo sapiens
10825_AT1,NEU3,Recon3D,Homo sapiens
10826_AT1,FAXDC2,Recon3D,Homo sapiens
10840_AT1,ALDH1L1,Recon3D,Homo sapiens
10841_AT1,FTCD,Recon3D,Homo sapiens
10841_AT2,FTCD,Recon3D,Homo sapiens
10846_AT1,PDE10A,Recon3D,Homo sapiens
10858_AT1,CYP46A1,Recon3D,Homo sapiens
10861_AT1,SLC26A1,Recon3D,Homo sapiens
10861_AT2,SLC26A1,Recon3D,Homo sapiens
10861_AT3,SLC26A1,Recon3D,Homo sapiens
10864_AT1,SLC22A7,Recon3D,Homo sapiens
10870_AT1,HCST,Recon3D,Homo sapiens
10873_AT1,ME3,Recon3D,Homo sapiens
108_AT1,ADCY2,Recon3D,Homo sapiens
10901_AT1,DHRS4,Recon3D,Homo sapiens
10919_AT1,EHMT2,Recon3D,Homo sapiens
10928_AT1,RALBP1,Recon3D,Homo sapiens
10935_AT1,PRDX3,Recon3D,Homo sapiens
10935_AT2,PRDX3,Recon3D,Homo sapiens
10941_AT1,UGT2A1,Recon3D,Homo sapiens
10948_AT1,STARD3,Recon3D,Homo sapiens
10965_AT1,ACOT2,Recon3D,Homo sapiens
10975_AT1,UQCR11,Recon3D,Homo sapiens
10991_AT1,SLC38A3,Recon3D,Homo sapiens
10993_AT1,SDS,Recon3D,Homo sapiens
10998_AT1,SLC27A5,Recon3D,Homo sapiens
10999_AT1,SLC27A4,Recon3D,Homo sapiens
109_AT1,ADCY3,Recon3D,Homo sapiens
11000_AT1,SLC27A3,Recon3D,Homo sapiens
11001_AT1,SLC27A2,Recon3D,Homo sapiens
1103_AT1,CHAT,Recon3D,Homo sapiens
1103_AT2,CHAT,Recon3D,Homo sapiens
1103_AT3,CHAT,Recon3D,Homo sapiens
1103_AT4,CHAT,Recon3D,Homo sapiens
11041_AT1,B4GAT1,Recon3D,Homo sapiens
11046_AT1,SLC35D2,Recon3D,Homo sapiens
1109_AT1,AKR1C4,Recon3D,Homo sapiens
11102_AT1,RPP14,Recon3D,Homo sapiens
11112_AT1,HIBADH,Recon3D,Homo sapiens
11136_AT1,SLC7A9,Recon3D,Homo sapiens
11164_AT1,NUDT5,Recon3D,Homo sapiens
11181_AT1,TREH,Recon3D,Homo sapiens
11182_AT1,SLC2A6,Recon3D,Homo sapiens
1118_AT1,CHIT1,Recon3D,Homo sapiens
1119_AT1,CHKA,Recon3D,Homo sapiens
1119_AT2,CHKA,Recon3D,Homo sapiens
111_AT1,ADCY5,Recon3D,Homo sapiens
1120_AT1,CHKB,Recon3D,Homo sapiens
1120_AT2,CHKB,Recon3D,Homo sapiens
11212_AT1,PROSC,Recon3D,Homo sapiens
11226_AT1,GALNT6,Recon3D,Homo sapiens
11227_AT1,GALNT5,Recon3D,Homo sapiens
11238_AT1,CA5B,Recon3D,Homo sapiens
112483_AT1,SAT2,Recon3D,Homo sapiens
11254_AT1,SLC6A14,Recon3D,Homo sapiens
112611_AT1,RWDD2A,Recon3D,Homo sapiens
112724_AT1,RDH13,Recon3D,Homo sapiens
11283_AT1,CYP4F8,Recon3D,Homo sapiens
11285_AT1,B4GALT7,Recon3D,Homo sapiens
112_AT1,ADCY6,Recon3D,Homo sapiens
112_AT2,ADCY6,Recon3D,Homo sapiens
113026_AT1,PLCD3,Recon3D,Homo sapiens
11309_AT1,SLCO2B1,Recon3D,Homo sapiens
113189_AT1,CHST14,Recon3D,Homo sapiens
113235_AT1,SLC46A1,Recon3D,Homo sapiens
113278_AT1,SLC52A3,Recon3D,Homo sapiens
11332_AT1,ACOT7,Recon3D,Homo sapiens
11343_AT1,MGLL,Recon3D,Homo sapiens
11343_AT2,MGLL,Recon3D,Homo sapiens
113451_AT1,AZIN2,Recon3D,Homo sapiens
113612_AT1,CYP2U1,Recon3D,Homo sapiens
113675_AT1,SDSL,Recon3D,Homo sapiens
113_AT1,ADCY7,Recon3D,Homo sapiens
114134_AT1,SLC2A13,Recon3D,Homo sapiens
114571_AT1,SLC22A9,Recon3D,Homo sapiens
114805_AT1,GALNT13,Recon3D,Homo sapiens
114971_AT1,PTPMT1,Recon3D,Homo sapiens
114_AT1,ADCY8,Recon3D,Homo sapiens
115019_AT1,SLC26A9,Recon3D,Homo sapiens
115019_AT2,SLC26A9,Recon3D,Homo sapiens
115111_AT1,SLC26A7,Recon3D,Homo sapiens
115111_AT2,SLC26A7,Recon3D,Homo sapiens
115286_AT1,SLC25A26,Recon3D,Homo sapiens
115286_AT2,SLC25A26,Recon3D,Homo sapiens
115286_AT3,SLC25A26,Recon3D,Homo sapiens
1152_AT1,CKB,Recon3D,Homo sapiens
115584_AT1,SLC5A11,Recon3D,Homo sapiens
1155_AT1,TBCB,Recon3D,Homo sapiens
1158_AT1,CKM,Recon3D,Homo sapiens
1159_AT1,CKMT1B,Recon3D,Homo sapiens
115_AT1,ADCY9,Recon3D,Homo sapiens
116085_AT1,SLC22A12,Recon3D,Homo sapiens
1160_AT1,CKMT2,Recon3D,Homo sapiens
116255_AT1,MOGAT1,Recon3D,Homo sapiens
116285_AT1,ACSM1,Recon3D,Homo sapiens
116369_AT1,SLC26A8,Recon3D,Homo sapiens
116369_AT2,SLC26A8,Recon3D,Homo sapiens
117247_AT1,SLC16A10,Recon3D,Homo sapiens
117248_AT1,GALNT15,Recon3D,Homo sapiens
117283_AT1,IP6K3,Recon3D,Homo sapiens
1178_AT1,CLC,Recon3D,Homo sapiens
118881_AT1,COMTD1,Recon3D,Homo sapiens
119548_AT1,PNLIPRP3,Recon3D,Homo sapiens
1200_AT1,TPP1,Recon3D,Homo sapiens
120103_AT1,SLC36A4,Recon3D,Homo sapiens
1208_AT1,CLPS,Recon3D,Homo sapiens
121214_AT1,SDR9C7,Recon3D,Homo sapiens
121278_AT1,TPH2,Recon3D,Homo sapiens
1215_AT1,CMA1,Recon3D,Homo sapiens
122481_AT1,AK7,Recon3D,Homo sapiens
122618_AT1,PLD4,Recon3D,Homo sapiens
122622_AT1,ADSSL1,Recon3D,Homo sapiens
122622_AT2,ADSSL1,Recon3D,Homo sapiens
122970_AT1,ACOT4,Recon3D,Homo sapiens
123041_AT1,SLC24A4,Recon3D,Homo sapiens
123041_AT2,SLC24A4,Recon3D,Homo sapiens
123041_AT3,SLC24A4,Recon3D,Homo sapiens
123096_AT1,SLC25A29,Recon3D,Homo sapiens
123099_AT1,DEGS2,Recon3D,Homo sapiens
123264_AT1,SLC51B,Recon3D,Homo sapiens
123688_AT1,HYKK,Recon3D,Homo sapiens
123745_AT1,PLA2G4E,Recon3D,Homo sapiens
123876_AT1,ACSM2A,Recon3D,Homo sapiens
1244_AT1,ABCC2,Recon3D,Homo sapiens
,,,
124583_AT1,CANT1,Recon3D,Homo sapiens
124637_AT1,CYB5D1,Recon3D,Homo sapiens
124872_AT1,B4GALNT2,Recon3D,Homo sapiens
124935_AT1,SLC43A2,Recon3D,Homo sapiens
124975_AT1,GGT6,Recon3D,Homo sapiens
124_AT1,ADH1A,Recon3D,Homo sapiens
125061_AT1,AFMID,Recon3D,Homo sapiens
125206_AT1,SLC5A10,Recon3D,Homo sapiens
125965_AT1,COX6B2,Recon3D,Homo sapiens
125981_AT1,ACER1,Recon3D,Homo sapiens
125_AT1,ADH1B,Recon3D,Homo sapiens
126129_AT1,CPT1C,Recon3D,Homo sapiens
126328_AT1,NDUFA11,Recon3D,Homo sapiens
126410_AT1,CYP4F22,Recon3D,Homo sapiens
126792_AT1,B3GALT6,Recon3D,Homo sapiens
1267_AT1,CNP,Recon3D,Homo sapiens
126_AT1,ADH1C,Recon3D,Homo sapiens
127124_AT1,ATP6V1G3,Recon3D,Homo sapiens
127124_AT2,ATP6V1G3,Recon3D,Homo sapiens
127_AT1,ADH4,Recon3D,Homo sapiens
128869_AT1,PIGU,Recon3D,Homo sapiens
128_AT1,ADH5,Recon3D,Homo sapiens
129607_AT1,CMPK2,Recon3D,Homo sapiens
129642_AT1,MBOAT2,Recon3D,Homo sapiens
129807_AT1,NEU4,Recon3D,Homo sapiens
130013_AT1,ACMSD,Recon3D,Homo sapiens
130367_AT1,SGPP2,Recon3D,Homo sapiens
130752_AT1,MDH1B,Recon3D,Homo sapiens
130_AT1,ADH6,Recon3D,Homo sapiens
1312_AT1,COMT,Recon3D,Homo sapiens
1312_AT2,COMT,Recon3D,Homo sapiens
131669_AT1,UROC1,Recon3D,Homo sapiens
131_AT1,ADH7,Recon3D,Homo sapiens
132158_AT1,GLYCTK,Recon3D,Homo sapiens
132789_AT1,GNPDA2,Recon3D,Homo sapiens
1327_AT1,COX4I1,Recon3D,Homo sapiens
1329_AT1,COX5B,Recon3D,Homo sapiens
132_AT1,ADK,Recon3D,Homo sapiens
132_AT2,ADK,Recon3D,Homo sapiens
133121_AT1,ENPP6,Recon3D,Homo sapiens
1337_AT1,COX6A1,Recon3D,Homo sapiens
1339_AT1,COX6A2,Recon3D,Homo sapiens
1340_AT1,COX6B1,Recon3D,Homo sapiens
134526_AT1,ACOT12,Recon3D,Homo sapiens
1345_AT1,COX6C,Recon3D,Homo sapiens
1346_AT1,COX7A1,Recon3D,Homo sapiens
1347_AT1,COX7A2,Recon3D,Homo sapiens
1349_AT1,COX7B,Recon3D,Homo sapiens
1350_AT1,COX7C,Recon3D,Homo sapiens
135152_AT1,B3GAT2,Recon3D,Homo sapiens
1351_AT1,COX8A,Recon3D,Homo sapiens
1356_AT1,CP,Recon3D,Homo sapiens
1357_AT1,CPA1,Recon3D,Homo sapiens
1358_AT1,CPA2,Recon3D,Homo sapiens
1371_AT1,CPOX,Recon3D,Homo sapiens
1373_AT1,CPS1,Recon3D,Homo sapiens
1373_AT2,CPS1,Recon3D,Homo sapiens
1374_AT1,CPT1A,Recon3D,Homo sapiens
1375_AT1,CPT1B,Recon3D,Homo sapiens
1375_AT2,CPT1B,Recon3D,Homo sapiens
1375_AT3,CPT1B,Recon3D,Homo sapiens
1375_AT4,CPT1B,Recon3D,Homo sapiens
1376_AT1,CPT2,Recon3D,Homo sapiens
137872_AT1,ADHFE1,Recon3D,Homo sapiens
137902_AT1,PXDNL,Recon3D,Homo sapiens
137964_AT1,GPAT4,Recon3D,Homo sapiens
138429_AT1,PIP5KL1,Recon3D,Homo sapiens
1384_AT1,CRAT,Recon3D,Homo sapiens
1384_AT2,CRAT,Recon3D,Homo sapiens
1384_AT3,CRAT,Recon3D,Homo sapiens
138639_AT1,PTPDC1,Recon3D,Homo sapiens
139596_AT1,UPRT,Recon3D,Homo sapiens
13_AT1,AADAC,Recon3D,Homo sapiens
140679_AT1,SLC32A1,Recon3D,Homo sapiens
140687_AT1,GCNT7,Recon3D,Homo sapiens
140838_AT1,NANP,Recon3D,Homo sapiens
142680_AT1,SLC34A3,Recon3D,Homo sapiens
1431_AT1,CS,Recon3D,Homo sapiens
1431_AT2,CS,Recon3D,Homo sapiens
144193_AT1,AMDHD1,Recon3D,Homo sapiens
144195_AT1,SLC2A14,Recon3D,Homo sapiens
145173_AT1,B3GLCT,Recon3D,Homo sapiens
145226_AT1,RDH12,Recon3D,Homo sapiens
145553_AT1,MDP1,Recon3D,Homo sapiens
146664_AT1,MGAT5B,Recon3D,Homo sapiens
146712_AT1,B3GNTL1,Recon3D,Homo sapiens
146802_AT1,SLC47A2,Recon3D,Homo sapiens
1468_AT1,SLC25A10,Recon3D,Homo sapiens
148789_AT1,B3GALNT2,Recon3D,Homo sapiens
1487_AT1,CTBP1,Recon3D,Homo sapiens
1491_AT1,CTH,Recon3D,Homo sapiens
1491_AT2,CTH,Recon3D,Homo sapiens
1503_AT1,CTPS1,Recon3D,Homo sapiens
151531_AT1,UPP2,Recon3D,Homo sapiens
152586_AT1,MGAT4D,Recon3D,Homo sapiens
153201_AT1,SLC36A2,Recon3D,Homo sapiens
1537_AT1,CYC1,Recon3D,Homo sapiens
154091_AT1,SLC2A12,Recon3D,Homo sapiens
154141_AT1,MBOAT1,Recon3D,Homo sapiens
1543_AT1,CYP1A1,Recon3D,Homo sapiens
1544_AT1,CYP1A2,Recon3D,Homo sapiens
1545_AT1,CYP1B1,Recon3D,Homo sapiens
1548_AT1,CYP2A6,Recon3D,Homo sapiens
1549_AT1,CYP2A7,Recon3D,Homo sapiens
155184_AT1,SLC2A7,Recon3D,Homo sapiens
1551_AT1,CYP3A7,Recon3D,Homo sapiens
1553_AT1,CYP2A13,Recon3D,Homo sapiens
1555_AT1,CYP2B6,Recon3D,Homo sapiens
1557_AT1,CYP2C19,Recon3D,Homo sapiens
1558_AT1,CYP2C8,Recon3D,Homo sapiens
1558_AT2,CYP2C8,Recon3D,Homo sapiens
1559_AT1,CYP2C9,Recon3D,Homo sapiens
1562_AT1,CYP2C18,Recon3D,Homo sapiens
1565_AT1,CYP2D6,Recon3D,Homo sapiens
1571_AT1,CYP2E1,Recon3D,Homo sapiens
1572_AT1,CYP2F1,Recon3D,Homo sapiens
1573_AT1,CYP2J2,Recon3D,Homo sapiens
157506_AT1,RDH10,Recon3D,Homo sapiens
1576_AT1,CYP3A4,Recon3D,Homo sapiens
1577_AT1,CYP3A5,Recon3D,Homo sapiens
1579_AT1,CYP4A11,Recon3D,Homo sapiens
1580_AT1,CYP4B1,Recon3D,Homo sapiens
158160_AT1,,Recon3D,Homo sapiens
1581_AT1,CYP7A1,Recon3D,Homo sapiens
1582_AT1,CYP8B1,Recon3D,Homo sapiens
1583_AT1,CYP11A1,Recon3D,Homo sapiens
1584_AT1,CYP11B1,Recon3D,Homo sapiens
158584_AT1,FAAH2,Recon3D,Homo sapiens
1585_AT1,CYP11B2,Recon3D,Homo sapiens
1586_AT1,CYP17A1,Recon3D,Homo sapiens
1588_AT1,CYP19A1,Recon3D,Homo sapiens
1588_AT2,CYP19A1,Recon3D,Homo sapiens
1589_AT1,CYP21A2,Recon3D,Homo sapiens
158_AT1,ADSL,Recon3D,Homo sapiens
158_AT2,ADSL,Recon3D,Homo sapiens
1591_AT1,CYP24A1,Recon3D,Homo sapiens
1593_AT1,CYP27A1,Recon3D,Homo sapiens
1594_AT1,CYP27B1,Recon3D,Homo sapiens
1595_AT1,CYP51A1,Recon3D,Homo sapiens
159963_AT1,SLC5A12,Recon3D,Homo sapiens
159_AT1,ADSS,Recon3D,Homo sapiens
15_AT1,AANAT,Recon3D,Homo sapiens
160287_AT1,LDHAL6A,Recon3D,Homo sapiens
160428_AT1,ALDH1L2,Recon3D,Homo sapiens
1606_AT1,DGKA,Recon3D,Homo sapiens
160728_AT1,SLC5A8,Recon3D,Homo sapiens
1607_AT1,DGKB,Recon3D,Homo sapiens
1607_AT2,DGKB,Recon3D,Homo sapiens
160851_AT1,DGKH,Recon3D,Homo sapiens
160851_AT2,DGKH,Recon3D,Homo sapiens
1608_AT1,DGKG,Recon3D,Homo sapiens
1609_AT1,DGKQ,Recon3D,Homo sapiens
1610_AT1,DAO,Recon3D,Homo sapiens
1621_AT1,DBH,Recon3D,Homo sapiens
1622_AT1,DBI,Recon3D,Homo sapiens
162417_AT1,NAGS,Recon3D,Homo sapiens
162466_AT1,PHOSPHO1,Recon3D,Homo sapiens
1629_AT1,DBT,Recon3D,Homo sapiens
1632_AT1,ECI1,Recon3D,Homo sapiens
1633_AT1,DCK,Recon3D,Homo sapiens
163404_AT1,PLPPR5,Recon3D,Homo sapiens
1635_AT1,DCTD,Recon3D,Homo sapiens
1636_AT1,ACE,Recon3D,Homo sapiens
1638_AT1,DCT,Recon3D,Homo sapiens
1644_AT1,DDC,Recon3D,Homo sapiens
1645_AT1,AKR1C1,Recon3D,Homo sapiens
1646_AT1,AKR1C2,Recon3D,Homo sapiens
166012_AT1,CHST13,Recon3D,Homo sapiens
1666_AT1,DECR1,Recon3D,Homo sapiens
166785_AT1,MMAA,Recon3D,Homo sapiens
166929_AT1,SGMS2,Recon3D,Homo sapiens
168391_AT1,GALNTL5,Recon3D,Homo sapiens
169355_AT1,IDO2,Recon3D,Homo sapiens
170384_AT1,FUT11,Recon3D,Homo sapiens
170712_AT1,COX7B2,Recon3D,Homo sapiens
171425_AT1,CLYBL,Recon3D,Homo sapiens
171425_AT2,CLYBL,Recon3D,Homo sapiens
1716_AT1,DGUOK,Recon3D,Homo sapiens
1716_AT2,DGUOK,Recon3D,Homo sapiens
1716_AT3,DGUOK,Recon3D,Homo sapiens
1716_AT4,DGUOK,Recon3D,Homo sapiens
1716_AT5,DGUOK,Recon3D,Homo sapiens
1717_AT1,DHCR7,Recon3D,Homo sapiens
1718_AT1,DHCR24,Recon3D,Homo sapiens
1719_AT1,DHFR,Recon3D,Homo sapiens
1723_AT1,DHODH,Recon3D,Homo sapiens
1727_AT1,CYB5R3,Recon3D,Homo sapiens
1728_AT1,NQO1,Recon3D,Homo sapiens
1733_AT1,DIO1,Recon3D,Homo sapiens
1734_AT1,DIO2,Recon3D,Homo sapiens
1735_AT1,DIO3,Recon3D,Homo sapiens
1737_AT1,DLAT,Recon3D,Homo sapiens
1738_AT1,DLD,Recon3D,Homo sapiens
1743_AT1,DLST,Recon3D,Homo sapiens
1757_AT1,SARDH,Recon3D,Homo sapiens
175_AT1,AGA,Recon3D,Homo sapiens
178_AT1,AGL,Recon3D,Homo sapiens
178_AT2,AGL,Recon3D,Homo sapiens
178_AT3,AGL,Recon3D,Homo sapiens
178_AT4,AGL,Recon3D,Homo sapiens
178_AT5,AGL,Recon3D,Homo sapiens
178_AT6,AGL,Recon3D,Homo sapiens
1800_AT1,DPEP1,Recon3D,Homo sapiens
1806_AT1,DPYD,Recon3D,Homo sapiens
1807_AT1,DPYS,Recon3D,Homo sapiens
1808_AT1,DPYSL2,Recon3D,Homo sapiens
1809_AT1,DPYSL3,Recon3D,Homo sapiens
1811_AT1,SLC26A3,Recon3D,Homo sapiens
1836_AT1,SLC26A2,Recon3D,Homo sapiens
1841_AT1,DTYMK,Recon3D,Homo sapiens
1854_AT1,DUT,Recon3D,Homo sapiens
1890_AT1,TYMP,Recon3D,Homo sapiens
1891_AT1,ECH1,Recon3D,Homo sapiens
1892_AT1,ECHS1,Recon3D,Homo sapiens
189_AT1,AGXT,Recon3D,Homo sapiens
18_AT1,ABAT,Recon3D,Homo sapiens
,,,
18_AT2,ABAT,Recon3D,Homo sapiens
191_AT1,AHCY,Recon3D,Homo sapiens
192134_AT1,B3GNT6,Recon3D,Homo sapiens
192286_AT1,HIGD2A,Recon3D,Homo sapiens
195814_AT1,SDR16C5,Recon3D,Homo sapiens
196051_AT1,PLPP4,Recon3D,Homo sapiens
1962_AT1,EHHADH,Recon3D,Homo sapiens
196883_AT1,ADCY4,Recon3D,Homo sapiens
197257_AT1,LDHD,Recon3D,Homo sapiens
197257_AT2,LDHD,Recon3D,Homo sapiens
197258_AT1,FUK,Recon3D,Homo sapiens
199974_AT1,CYP4Z1,Recon3D,Homo sapiens
19_AT1,ABCA1,Recon3D,Homo sapiens
200010_AT1,SLC5A9,Recon3D,Homo sapiens
200576_AT1,PIKFYVE,Recon3D,Homo sapiens
200576_AT2,PIKFYVE,Recon3D,Homo sapiens
200576_AT3,PIKFYVE,Recon3D,Homo sapiens
200810_AT1,ALG1L,Recon3D,Homo sapiens
200931_AT1,SLC51A,Recon3D,Homo sapiens
201164_AT1,PLD6,Recon3D,Homo sapiens
201288_AT1,,Recon3D,Homo sapiens
201562_AT1,HACD2,Recon3D,Homo sapiens
201595_AT1,STT3B,Recon3D,Homo sapiens
2023_AT1,ENO1,Recon3D,Homo sapiens
2026_AT1,ENO2,Recon3D,Homo sapiens
2027_AT1,ENO3,Recon3D,Homo sapiens
2027_AT2,ENO3,Recon3D,Homo sapiens
2030_AT1,SLC29A1,Recon3D,Homo sapiens
203_AT1,AK1,Recon3D,Homo sapiens
204219_AT1,CERS3,Recon3D,Homo sapiens
204_AT1,AK2,Recon3D,Homo sapiens
204_AT2,AK2,Recon3D,Homo sapiens
204_AT3,AK2,Recon3D,Homo sapiens
2053_AT1,EPHX2,Recon3D,Homo sapiens
205_AT1,AK4,Recon3D,Homo sapiens
205_AT2,AK4,Recon3D,Homo sapiens
205_AT3,AK4,Recon3D,Homo sapiens
206358_AT1,SLC36A1,Recon3D,Homo sapiens
2098_AT1,ESD,Recon3D,Homo sapiens
2108_AT1,ETFA,Recon3D,Homo sapiens
2109_AT1,ETFB,Recon3D,Homo sapiens
2109_AT2,ETFB,Recon3D,Homo sapiens
210_AT1,ALAD,Recon3D,Homo sapiens
210_AT2,ALAD,Recon3D,Homo sapiens
2110_AT1,ETFDH,Recon3D,Homo sapiens
211_AT1,ALAS1,Recon3D,Homo sapiens
211_AT2,ALAS1,Recon3D,Homo sapiens
212_AT1,ALAS2,Recon3D,Homo sapiens
2131_AT1,EXT1,Recon3D,Homo sapiens
2132_AT1,EXT2,Recon3D,Homo sapiens
2132_AT2,EXT2,Recon3D,Homo sapiens
2134_AT1,EXTL1,Recon3D,Homo sapiens
2135_AT1,EXTL2,Recon3D,Homo sapiens
2137_AT1,EXTL3,Recon3D,Homo sapiens
215_AT1,ABCD1,Recon3D,Homo sapiens
2167_AT1,FABP4,Recon3D,Homo sapiens
2168_AT1,FABP1,Recon3D,Homo sapiens
2169_AT1,FABP2,Recon3D,Homo sapiens
216_AT1,ALDH1A1,Recon3D,Homo sapiens
2170_AT1,FABP3,Recon3D,Homo sapiens
2171_AT1,FABP5,Recon3D,Homo sapiens
2172_AT1,FABP6,Recon3D,Homo sapiens
2173_AT1,FABP7,Recon3D,Homo sapiens
217_AT1,ALDH2,Recon3D,Homo sapiens
2180_AT1,ACSL1,Recon3D,Homo sapiens
2181_AT1,ACSL3,Recon3D,Homo sapiens
2181_AT2,ACSL3,Recon3D,Homo sapiens
2182_AT1,ACSL4,Recon3D,Homo sapiens
2182_AT2,ACSL4,Recon3D,Homo sapiens
2184_AT1,FAH,Recon3D,Homo sapiens
218_AT1,ALDH3A1,Recon3D,Homo sapiens
2194_AT1,FASN,Recon3D,Homo sapiens
219_AT1,ALDH1B1,Recon3D,Homo sapiens
21_AT1,ABCA3,Recon3D,Homo sapiens
220074_AT1,LRTOMT,Recon3D,Homo sapiens
2203_AT1,FBP1,Recon3D,Homo sapiens
220_AT1,ALDH1A3,Recon3D,Homo sapiens
221223_AT1,CES5A,Recon3D,Homo sapiens
221823_AT1,PRPS1L1,Recon3D,Homo sapiens
221823_AT2,PRPS1L1,Recon3D,Homo sapiens
221955_AT1,DAGLB,Recon3D,Homo sapiens
221_AT1,ALDH3B1,Recon3D,Homo sapiens
2222_AT1,FDFT1,Recon3D,Homo sapiens
2224_AT1,FDPS,Recon3D,Homo sapiens
222537_AT1,HS3ST5,Recon3D,Homo sapiens
222962_AT1,SLC29A4,Recon3D,Homo sapiens
222_AT1,ALDH3B2,Recon3D,Homo sapiens
2235_AT1,FECH,Recon3D,Homo sapiens
2235_AT2,FECH,Recon3D,Homo sapiens
223_AT1,ALDH9A1,Recon3D,Homo sapiens
224_AT1,ALDH3A2,Recon3D,Homo sapiens
225_AT1,ABCD2,Recon3D,Homo sapiens
226_AT1,ALDOA,Recon3D,Homo sapiens
226_AT2,ALDOA,Recon3D,Homo sapiens
226_AT3,ALDOA,Recon3D,Homo sapiens
2271_AT1,FH,Recon3D,Homo sapiens
22856_AT1,CHSY1,Recon3D,Homo sapiens
22876_AT1,INPP5F,Recon3D,Homo sapiens
22908_AT1,SACM1L,Recon3D,Homo sapiens
22934_AT1,RPIA,Recon3D,Homo sapiens
22978_AT1,NT5C2,Recon3D,Homo sapiens
229_AT1,ALDOB,Recon3D,Homo sapiens
23007_AT1,PLCH1,Recon3D,Homo sapiens
23057_AT1,NMNAT2,Recon3D,Homo sapiens
23057_AT2,NMNAT2,Recon3D,Homo sapiens
23067_AT1,SETD1B,Recon3D,Homo sapiens
230_AT1,ALDOC,Recon3D,Homo sapiens
23169_AT1,SLC35D1,Recon3D,Homo sapiens
,,,
23175_AT1,LPIN1,Recon3D,Homo sapiens
231_AT1,AKR1B1,Recon3D,Homo sapiens
23203_AT1,PMPCA,Recon3D,Homo sapiens
23205_AT1,ACSBG1,Recon3D,Homo sapiens
23236_AT1,PLCB1,Recon3D,Homo sapiens
23236_AT2,PLCB1,Recon3D,Homo sapiens
23250_AT1,ATP11A,Recon3D,Homo sapiens
23262_AT1,PPIP5K2,Recon3D,Homo sapiens
23305_AT1,ACSL6,Recon3D,Homo sapiens
23315_AT1,SLC9A8,Recon3D,Homo sapiens
23371_AT1,TNS2,Recon3D,Homo sapiens
23396_AT1,PIP5K1C,Recon3D,Homo sapiens
23417_AT1,MLYCD,Recon3D,Homo sapiens
23428_AT1,SLC7A8,Recon3D,Homo sapiens
23428_AT2,SLC7A8,Recon3D,Homo sapiens
23430_AT1,TPSD1,Recon3D,Homo sapiens
23439_AT1,ATP1B4,Recon3D,Homo sapiens
23443_AT1,SLC35A3,Recon3D,Homo sapiens
23464_AT1,GCAT,Recon3D,Homo sapiens
23475_AT1,QPRT,Recon3D,Homo sapiens
23478_AT1,SEC11A,Recon3D,Homo sapiens
2348_AT1,FOLR1,Recon3D,Homo sapiens
2348_AT2,FOLR1,Recon3D,Homo sapiens
2348_AT3,FOLR1,Recon3D,Homo sapiens
2348_AT4,FOLR1,Recon3D,Homo sapiens
2348_AT5,FOLR1,Recon3D,Homo sapiens
2348_AT6,FOLR1,Recon3D,Homo sapiens
23491_AT1,CES3,Recon3D,Homo sapiens
23498_AT1,HAAO,Recon3D,Homo sapiens
2350_AT1,FOLR2,Recon3D,Homo sapiens
2352_AT1,FOLR3,Recon3D,Homo sapiens
23530_AT1,NNT,Recon3D,Homo sapiens
23530_AT2,NNT,Recon3D,Homo sapiens
23533_AT1,PIK3R5,Recon3D,Homo sapiens
23539_AT1,SLC16A8,Recon3D,Homo sapiens
23545_AT1,ATP6V0A2,Recon3D,Homo sapiens
23556_AT1,PIGN,Recon3D,Homo sapiens
23556_AT2,PIGN,Recon3D,Homo sapiens
23563_AT1,CHST5,Recon3D,Homo sapiens
23563_AT2,CHST5,Recon3D,Homo sapiens
2356_AT1,FPGS,Recon3D,Homo sapiens
23600_AT1,AMACR,Recon3D,Homo sapiens
23600_AT2,AMACR,Recon3D,Homo sapiens
23632_AT1,CA14,Recon3D,Homo sapiens
23646_AT1,PLD3,Recon3D,Homo sapiens
23657_AT1,SLC7A11,Recon3D,Homo sapiens
23743_AT1,BHMT2,Recon3D,Homo sapiens
23761_AT1,PISD,Recon3D,Homo sapiens
239_AT1,ALOX12,Recon3D,Homo sapiens
240_AT1,ALOX5,Recon3D,Homo sapiens
245972_AT1,ATP6V0D2,Recon3D,Homo sapiens
245973_AT1,ATP6V1C2,Recon3D,Homo sapiens
246213_AT1,SLC17A8,Recon3D,Homo sapiens
246_AT1,ALOX15,Recon3D,Homo sapiens
247_AT1,ALOX15B,Recon3D,Homo sapiens
248_AT1,ALPI,Recon3D,Homo sapiens
2495_AT1,FTH1,Recon3D,Homo sapiens
249_AT1,ALPL,Recon3D,Homo sapiens
24_AT1,ABCA4,Recon3D,Homo sapiens
250_AT1,ALPP,Recon3D,Homo sapiens
2512_AT1,FTL,Recon3D,Homo sapiens
2517_AT1,FUCA1,Recon3D,Homo sapiens
2519_AT1,FUCA2,Recon3D,Homo sapiens
251_AT1,ALPPL2,Recon3D,Homo sapiens
2523_AT1,FUT1,Recon3D,Homo sapiens
2524_AT1,FUT2,Recon3D,Homo sapiens
2525_AT1,FUT3,Recon3D,Homo sapiens
2526_AT1,FUT4,Recon3D,Homo sapiens
2527_AT1,FUT5,Recon3D,Homo sapiens
2528_AT1,FUT6,Recon3D,Homo sapiens
2529_AT1,FUT7,Recon3D,Homo sapiens
253017_AT1,TECRL,Recon3D,Homo sapiens
2531_AT1,KDSR,Recon3D,Homo sapiens
253558_AT1,LCLAT1,Recon3D,Homo sapiens
253782_AT1,CERS6,Recon3D,Homo sapiens
2538_AT1,G6PC,Recon3D,Homo sapiens
2539_AT1,G6PD,Recon3D,Homo sapiens
2542_AT1,SLC37A4,Recon3D,Homo sapiens
2548_AT1,GAA,Recon3D,Homo sapiens
256435_AT1,ST6GALNAC3,Recon3D,Homo sapiens
257068_AT1,PLCXD2,Recon3D,Homo sapiens
2571_AT1,GAD1,Recon3D,Homo sapiens
2571_AT2,GAD1,Recon3D,Homo sapiens
257202_AT1,GPX6,Recon3D,Homo sapiens
2572_AT1,GAD2,Recon3D,Homo sapiens
25769_AT1,SLC24A2,Recon3D,Homo sapiens
25796_AT1,PGLS,Recon3D,Homo sapiens
2581_AT1,GALC,Recon3D,Homo sapiens
2582_AT1,GALE,Recon3D,Homo sapiens
2582_AT2,GALE,Recon3D,Homo sapiens
25830_AT1,SULT4A1,Recon3D,Homo sapiens
25834_AT1,MGAT4C,Recon3D,Homo sapiens
2583_AT1,B4GALNT1,Recon3D,Homo sapiens
2584_AT1,GALK1,Recon3D,Homo sapiens
2585_AT1,GALK2,Recon3D,Homo sapiens
2585_AT2,GALK2,Recon3D,Homo sapiens
25874_AT1,MPC2,Recon3D,Homo sapiens
2588_AT1,GALNS,Recon3D,Homo sapiens
2589_AT1,GALNT1,Recon3D,Homo sapiens
25902_AT1,MTHFD1L,Recon3D,Homo sapiens
2590_AT1,GALNT2,Recon3D,Homo sapiens
2591_AT1,GALNT3,Recon3D,Homo sapiens
259230_AT1,SGMS1,Recon3D,Homo sapiens
2592_AT1,GALT,Recon3D,Homo sapiens
2592_AT2,GALT,Recon3D,Homo sapiens
2592_AT3,GALT,Recon3D,Homo sapiens
259307_AT1,IL4I1,Recon3D,Homo sapiens
2593_AT1,GAMT,Recon3D,Homo sapiens
2593_AT2,GAMT,Recon3D,Homo sapiens
2595_AT1,GANC,Recon3D,Homo sapiens
2597_AT1,GAPDH,Recon3D,Homo sapiens
26002_AT1,MOXD1,Recon3D,Homo sapiens
26007_AT1,TKFC,Recon3D,Homo sapiens
26027_AT1,ACOT11,Recon3D,Homo sapiens
260293_AT1,CYP4X1,Recon3D,Homo sapiens
26035_AT1,GLCE,Recon3D,Homo sapiens
26061_AT1,HACL1,Recon3D,Homo sapiens
26062_AT1,,Recon3D,Homo sapiens
26063_AT1,DECR2,Recon3D,Homo sapiens
2618_AT1,GART,Recon3D,Homo sapiens
2618_AT2,GART,Recon3D,Homo sapiens
26227_AT1,PHGDH,Recon3D,Homo sapiens
26229_AT1,B3GAT3,Recon3D,Homo sapiens
26266_AT1,SLC13A4,Recon3D,Homo sapiens
26275_AT1,HIBCH,Recon3D,Homo sapiens
26279_AT1,PLA2G2D,Recon3D,Homo sapiens
26289_AT1,AK5,Recon3D,Homo sapiens
26289_AT2,AK5,Recon3D,Homo sapiens
2628_AT1,GATM,Recon3D,Homo sapiens
26290_AT1,GALNT8,Recon3D,Homo sapiens
2629_AT1,GBA,Recon3D,Homo sapiens
2629_AT2,GBA,Recon3D,Homo sapiens
2629_AT3,GBA,Recon3D,Homo sapiens
2629_AT4,GBA,Recon3D,Homo sapiens
2629_AT5,GBA,Recon3D,Homo sapiens
262_AT1,AMD1,Recon3D,Homo sapiens
26301_AT1,GBGT1,Recon3D,Homo sapiens
2632_AT1,GBE1,Recon3D,Homo sapiens
26330_AT1,GAPDHS,Recon3D,Homo sapiens
2639_AT1,GCDH,Recon3D,Homo sapiens
2639_AT2,GCDH,Recon3D,Homo sapiens
2643_AT1,GCH1,Recon3D,Homo sapiens
2645_AT1,GCK,Recon3D,Homo sapiens
2645_AT2,GCK,Recon3D,Homo sapiens
2645_AT3,GCK,Recon3D,Homo sapiens
26503_AT1,SLC17A5,Recon3D,Homo sapiens
2650_AT1,GCNT1,Recon3D,Homo sapiens
2651_AT1,GCNT2,Recon3D,Homo sapiens
2653_AT1,GCSH,Recon3D,Homo sapiens
266722_AT1,HS6ST3,Recon3D,Homo sapiens
266740_AT1,MAGEA2B,Recon3D,Homo sapiens
267020_AT1,ATP5L2,Recon3D,Homo sapiens
2673_AT1,GFPT1,Recon3D,Homo sapiens
2678_AT1,GGT1,Recon3D,Homo sapiens
2678_AT2,GGT1,Recon3D,Homo sapiens
2678_AT3,GGT1,Recon3D,Homo sapiens
2679_AT1,,Recon3D,Homo sapiens
2683_AT1,B4GALT1,Recon3D,Homo sapiens
2686_AT1,GGT7,Recon3D,Homo sapiens
26873_AT1,OPLAH,Recon3D,Homo sapiens
2687_AT1,GGT5,Recon3D,Homo sapiens
26_AT1,AOC1,Recon3D,Homo sapiens
27010_AT1,TPK1,Recon3D,Homo sapiens
27034_AT1,ACAD8,Recon3D,Homo sapiens
27068_AT1,PPA2,Recon3D,Homo sapiens
27068_AT2,PPA2,Recon3D,Homo sapiens
27068_AT3,PPA2,Recon3D,Homo sapiens
27068_AT4,PPA2,Recon3D,Homo sapiens
27087_AT1,B3GAT1,Recon3D,Homo sapiens
27087_AT2,B3GAT1,Recon3D,Homo sapiens
27089_AT1,UQCRQ,Recon3D,Homo sapiens
27090_AT1,ST6GALNAC4,Recon3D,Homo sapiens
270_AT1,AMPD1,Recon3D,Homo sapiens
27109_AT1,ATP5S,Recon3D,Homo sapiens
2710_AT1,GK,Recon3D,Homo sapiens
2710_AT2,GK,Recon3D,Homo sapiens
27115_AT1,PDE7B,Recon3D,Homo sapiens
27124_AT1,INPP5J,Recon3D,Homo sapiens
27124_AT2,INPP5J,Recon3D,Homo sapiens
2712_AT1,GK2,Recon3D,Homo sapiens
2713_AT1,,Recon3D,Homo sapiens
27159_AT1,CHIA,Recon3D,Homo sapiens
27159_AT2,CHIA,Recon3D,Homo sapiens
27165_AT1,GLS2,Recon3D,Homo sapiens
27165_AT2,GLS2,Recon3D,Homo sapiens
2717_AT1,GLA,Recon3D,Homo sapiens
271_AT1,AMPD2,Recon3D,Homo sapiens
271_AT2,AMPD2,Recon3D,Homo sapiens
271_AT3,AMPD2,Recon3D,Homo sapiens
2720_AT1,GLB1,Recon3D,Homo sapiens
27232_AT1,GNMT,Recon3D,Homo sapiens
27235_AT1,COQ2,Recon3D,Homo sapiens
27284_AT1,SULT1B1,Recon3D,Homo sapiens
2729_AT1,GCLC,Recon3D,Homo sapiens
272_AT1,AMPD3,Recon3D,Homo sapiens
27306_AT1,HPGDS,Recon3D,Homo sapiens
2730_AT1,GCLM,Recon3D,Homo sapiens
2731_AT1,GLDC,Recon3D,Homo sapiens
2739_AT1,GLO1,Recon3D,Homo sapiens
27430_AT1,MAT2B,Recon3D,Homo sapiens
27430_AT2,MAT2B,Recon3D,Homo sapiens
2744_AT1,GLS,Recon3D,Homo sapiens
2745_AT1,GLRX,Recon3D,Homo sapiens
2746_AT1,GLUD1,Recon3D,Homo sapiens
2747_AT1,GLUD2,Recon3D,Homo sapiens
2752_AT1,GLUL,Recon3D,Homo sapiens
275_AT1,AMT,Recon3D,Homo sapiens
2760_AT1,GM2A,Recon3D,Homo sapiens
2762_AT1,GMDS,Recon3D,Homo sapiens
2766_AT1,GMPR,Recon3D,Homo sapiens
276_AT1,AMY1A,Recon3D,Homo sapiens
276_AT2,AMY1A,Recon3D,Homo sapiens
277_AT1,AMY1B,Recon3D,Homo sapiens
278_AT1,AMY1C,Recon3D,Homo sapiens
2799_AT1,GNS,Recon3D,Homo sapiens
279_AT1,AMY2A,Recon3D,Homo sapiens
2805_AT1,GOT1,Recon3D,Homo sapiens
2806_AT1,GOT2,Recon3D,Homo sapiens
280_AT1,AMY2B,Recon3D,Homo sapiens
2819_AT1,GPD1,Recon3D,Homo sapiens
2820_AT1,GPD2,Recon3D,Homo sapiens
2821_AT1,GPI,Recon3D,Homo sapiens
28231_AT1,SLCO4A1,Recon3D,Homo sapiens
28232_AT1,SLCO3A1,Recon3D,Homo sapiens
28234_AT1,SLCO1B3,Recon3D,Homo sapiens
283208_AT1,P4HA3,Recon3D,Homo sapiens
283209_AT1,PGM2L1,Recon3D,Homo sapiens
283358_AT1,B4GALNT3,Recon3D,Homo sapiens
283985_AT1,FADS6,Recon3D,Homo sapiens
284004_AT1,HEXDC,Recon3D,Homo sapiens
284098_AT1,PIGW,Recon3D,Homo sapiens
284111_AT1,SLC13A5,Recon3D,Homo sapiens
284129_AT1,SLC26A11,Recon3D,Homo sapiens
284273_AT1,ZADH2,Recon3D,Homo sapiens
284273_AT2,ZADH2,Recon3D,Homo sapiens
285440_AT1,CYP4V2,Recon3D,Homo sapiens
286016_AT1,,Recon3D,Homo sapiens
286297_AT1,,Recon3D,Homo sapiens
286410_AT1,ATP11C,Recon3D,Homo sapiens
2875_AT1,GPT,Recon3D,Homo sapiens
2876_AT1,GPX1,Recon3D,Homo sapiens
2876_AT2,GPX1,Recon3D,Homo sapiens
2877_AT1,GPX2,Recon3D,Homo sapiens
2878_AT1,GPX3,Recon3D,Homo sapiens
2879_AT1,GPX4,Recon3D,Homo sapiens
2880_AT1,GPX5,Recon3D,Homo sapiens
2882_AT1,GPX7,Recon3D,Homo sapiens
28965_AT1,SLC27A6,Recon3D,Homo sapiens
28972_AT1,SPCS1,Recon3D,Homo sapiens
28976_AT1,ACAD9,Recon3D,Homo sapiens
28982_AT1,FLVCR1,Recon3D,Homo sapiens
28_AT1,ABO,Recon3D,Homo sapiens
29072_AT1,SETD2,Recon3D,Homo sapiens
29085_AT1,PHPT1,Recon3D,Homo sapiens
290_AT1,ANPEP,Recon3D,Homo sapiens
29124_AT1,LGALS13,Recon3D,Homo sapiens
291_AT1,SLC25A4,Recon3D,Homo sapiens
292_AT1,SLC25A5,Recon3D,Homo sapiens
2936_AT1,GSR,Recon3D,Homo sapiens
2937_AT1,GSS,Recon3D,Homo sapiens
293_AT1,SLC25A6,Recon3D,Homo sapiens
2944_AT1,GSTM1,Recon3D,Homo sapiens
2944_AT2,GSTM1,Recon3D,Homo sapiens
2946_AT1,GSTM2,Recon3D,Homo sapiens
2954_AT1,GSTZ1,Recon3D,Homo sapiens
2954_AT2,GSTZ1,Recon3D,Homo sapiens
2954_AT3,GSTZ1,Recon3D,Homo sapiens
2974_AT1,,Recon3D,Homo sapiens
2977_AT1,GUCY1A2,Recon3D,Homo sapiens
29785_AT1,CYP2S1,Recon3D,Homo sapiens
2978_AT1,GUCA1A,Recon3D,Homo sapiens
29796_AT1,UQCR10,Recon3D,Homo sapiens
29796_AT2,UQCR10,Recon3D,Homo sapiens
2982_AT1,GUCY1A3,Recon3D,Homo sapiens
2983_AT1,GUCY1B3,Recon3D,Homo sapiens
2984_AT1,GUCY2C,Recon3D,Homo sapiens
2986_AT1,GUCY2F,Recon3D,Homo sapiens
2987_AT1,GUK1,Recon3D,Homo sapiens
29880_AT1,ALG5,Recon3D,Homo sapiens
29881_AT1,NPC1L1,Recon3D,Homo sapiens
29906_AT1,ST8SIA5,Recon3D,Homo sapiens
2990_AT1,GUSB,Recon3D,Homo sapiens
29920_AT1,PYCR2,Recon3D,Homo sapiens
29922_AT1,NME7,Recon3D,Homo sapiens
29922_AT2,NME7,Recon3D,Homo sapiens
29925_AT1,GMPPB,Recon3D,Homo sapiens
29925_AT2,GMPPB,Recon3D,Homo sapiens
29926_AT1,GMPPA,Recon3D,Homo sapiens
29926_AT2,GMPPA,Recon3D,Homo sapiens
2992_AT1,GYG1,Recon3D,Homo sapiens
29956_AT1,CERS2,Recon3D,Homo sapiens
29958_AT1,DMGDH,Recon3D,Homo sapiens
29968_AT1,PSAT1,Recon3D,Homo sapiens
29968_AT2,PSAT1,Recon3D,Homo sapiens
2997_AT1,GYS1,Recon3D,Homo sapiens
29988_AT1,SLC2A8,Recon3D,Homo sapiens
2998_AT1,GYS2,Recon3D,Homo sapiens
3000_AT1,GUCY2D,Recon3D,Homo sapiens
30061_AT1,SLC40A1,Recon3D,Homo sapiens
3028_AT1,HSD17B10,Recon3D,Homo sapiens
3029_AT1,HAGH,Recon3D,Homo sapiens
3030_AT1,HADHA,Recon3D,Homo sapiens
3032_AT1,HADHB,Recon3D,Homo sapiens
3033_AT1,HADH,Recon3D,Homo sapiens
3034_AT1,HAL,Recon3D,Homo sapiens
3036_AT1,HAS1,Recon3D,Homo sapiens
3037_AT1,HAS2,Recon3D,Homo sapiens
3038_AT1,HAS3,Recon3D,Homo sapiens
3038_AT2,HAS3,Recon3D,Homo sapiens
3067_AT1,HDC,Recon3D,Homo sapiens
3069_AT1,HDLBP,Recon3D,Homo sapiens
3073_AT1,HEXA,Recon3D,Homo sapiens
3074_AT1,HEXB,Recon3D,Homo sapiens
30814_AT1,PLA2G2E,Recon3D,Homo sapiens
30815_AT1,ST6GALNAC6,Recon3D,Homo sapiens
3081_AT1,HGD,Recon3D,Homo sapiens
30833_AT1,NT5C,Recon3D,Homo sapiens
3098_AT1,HK1,Recon3D,Homo sapiens
3098_AT2,HK1,Recon3D,Homo sapiens
3098_AT3,HK1,Recon3D,Homo sapiens
3098_AT4,HK1,Recon3D,Homo sapiens
3098_AT5,HK1,Recon3D,Homo sapiens
3099_AT1,HK2,Recon3D,Homo sapiens
30_AT1,ACAA1,Recon3D,Homo sapiens
3101_AT1,HK3,Recon3D,Homo sapiens
3141_AT1,HLCS,Recon3D,Homo sapiens
3145_AT1,HMBS,Recon3D,Homo sapiens
314_AT1,AOC2,Recon3D,Homo sapiens
314_AT2,AOC2,Recon3D,Homo sapiens
3155_AT1,HMGCL,Recon3D,Homo sapiens
3156_AT1,HMGCR,Recon3D,Homo sapiens
3157_AT1,HMGCS1,Recon3D,Homo sapiens
3157_AT2,HMGCS1,Recon3D,Homo sapiens
3158_AT1,HMGCS2,Recon3D,Homo sapiens
3162_AT1,HMOX1,Recon3D,Homo sapiens
3163_AT1,HMOX2,Recon3D,Homo sapiens
316_AT1,AOX1,Recon3D,Homo sapiens
3176_AT1,HNMT,Recon3D,Homo sapiens
3177_AT1,SLC29A2,Recon3D,Homo sapiens
31_AT1,ACACA,Recon3D,Homo sapiens
31_AT2,ACACA,Recon3D,Homo sapiens
31_AT3,ACACA,Recon3D,Homo sapiens
31_AT4,ACACA,Recon3D,Homo sapiens
31_AT5,ACACA,Recon3D,Homo sapiens
3242_AT1,HPD,Recon3D,Homo sapiens
3248_AT1,HPGD,Recon3D,Homo sapiens
3251_AT1,HPRT1,Recon3D,Homo sapiens
3283_AT1,HSD3B1,Recon3D,Homo sapiens
3284_AT1,HSD3B2,Recon3D,Homo sapiens
3290_AT1,HSD11B1,Recon3D,Homo sapiens
3290_AT2,HSD11B1,Recon3D,Homo sapiens
3291_AT1,HSD11B2,Recon3D,Homo sapiens
3292_AT1,HSD17B1,Recon3D,Homo sapiens
3293_AT1,HSD17B3,Recon3D,Homo sapiens
3294_AT1,HSD17B2,Recon3D,Homo sapiens
3295_AT1,HSD17B4,Recon3D,Homo sapiens
32_AT1,ACACB,Recon3D,Homo sapiens
3340_AT1,NDST1,Recon3D,Homo sapiens
337876_AT1,CHSY3,Recon3D,Homo sapiens
338707_AT1,B4GALNT4,Recon3D,Homo sapiens
339221_AT1,ENPP7,Recon3D,Homo sapiens
33_AT1,ACADL,Recon3D,Homo sapiens
340024_AT1,SLC6A19,Recon3D,Homo sapiens
340485_AT1,ACER2,Recon3D,Homo sapiens
340811_AT1,,Recon3D,Homo sapiens
341392_AT1,ACSM4,Recon3D,Homo sapiens
3417_AT1,IDH1,Recon3D,Homo sapiens
3418_AT1,IDH2,Recon3D,Homo sapiens
341947_AT1,COX8C,Recon3D,Homo sapiens
3419_AT1,IDH3A,Recon3D,Homo sapiens
3420_AT1,IDH3B,Recon3D,Homo sapiens
3420_AT2,IDH3B,Recon3D,Homo sapiens
3420_AT3,IDH3B,Recon3D,Homo sapiens
3421_AT1,IDH3G,Recon3D,Homo sapiens
3421_AT2,IDH3G,Recon3D,Homo sapiens
3422_AT1,IDI1,Recon3D,Homo sapiens
3423_AT1,IDS,Recon3D,Homo sapiens
3423_AT2,IDS,Recon3D,Homo sapiens
3425_AT1,IDUA,Recon3D,Homo sapiens
343_AT1,AQP8,Recon3D,Homo sapiens
344967_AT1,,Recon3D,Homo sapiens
345274_AT1,SLC10A6,Recon3D,Homo sapiens
347734_AT1,SLC35B2,Recon3D,Homo sapiens
348158_AT1,ACSM2B,Recon3D,Homo sapiens
348932_AT1,SLC6A18,Recon3D,Homo sapiens
349565_AT1,NMNAT3,Recon3D,Homo sapiens
34_AT1,ACADM,Recon3D,Homo sapiens
353_AT1,APRT,Recon3D,Homo sapiens
358_AT1,AQP1,Recon3D,Homo sapiens
359_AT1,AQP2,Recon3D,Homo sapiens
35_AT1,ACADS,Recon3D,Homo sapiens
360203_AT1,GLT6D1,Recon3D,Homo sapiens
360_AT1,AQP3,Recon3D,Homo sapiens
3612_AT1,IMPA1,Recon3D,Homo sapiens
3613_AT1,IMPA2,Recon3D,Homo sapiens
3614_AT1,IMPDH1,Recon3D,Homo sapiens
3614_AT2,IMPDH1,Recon3D,Homo sapiens
3615_AT1,IMPDH2,Recon3D,Homo sapiens
361_AT1,AQP4,Recon3D,Homo sapiens
3620_AT1,IDO1,Recon3D,Homo sapiens
3628_AT1,INPP1,Recon3D,Homo sapiens
362_AT1,AQP5,Recon3D,Homo sapiens
3631_AT1,INPP4A,Recon3D,Homo sapiens
3631_AT2,INPP4A,Recon3D,Homo sapiens
3632_AT1,INPP5A,Recon3D,Homo sapiens
3633_AT1,INPP5B,Recon3D,Homo sapiens
3635_AT1,INPP5D,Recon3D,Homo sapiens
3636_AT1,INPPL1,Recon3D,Homo sapiens
364_AT1,AQP7,Recon3D,Homo sapiens
3658_AT1,IREB2,Recon3D,Homo sapiens
366_AT1,AQP9,Recon3D,Homo sapiens
36_AT1,ACADSB,Recon3D,Homo sapiens
3703_AT1,STT3A,Recon3D,Homo sapiens
3704_AT1,ITPA,Recon3D,Homo sapiens
3704_AT2,ITPA,Recon3D,Homo sapiens
3705_AT1,ITPK1,Recon3D,Homo sapiens
3706_AT1,ITPKA,Recon3D,Homo sapiens
3707_AT1,ITPKB,Recon3D,Homo sapiens
3712_AT1,IVD,Recon3D,Homo sapiens
374291_AT1,NDUFS7,Recon3D,Homo sapiens
374462_AT1,PTPRQ,Recon3D,Homo sapiens
374569_AT1,ASPG,Recon3D,Homo sapiens
374875_AT1,HSD11B1L,Recon3D,Homo sapiens
374907_AT1,B3GNT8,Recon3D,Homo sapiens
374907_AT2,B3GNT8,Recon3D,Homo sapiens
375056_AT1,MIA3,Recon3D,Homo sapiens
376497_AT1,SLC27A1,Recon3D,Homo sapiens
376497_AT2,SLC27A1,Recon3D,Homo sapiens
3764_AT1,KCNJ8,Recon3D,Homo sapiens
3767_AT1,KCNJ11,Recon3D,Homo sapiens
377677_AT1,CA13,Recon3D,Homo sapiens
377841_AT1,ENTPD8,Recon3D,Homo sapiens
3795_AT1,KHK,Recon3D,Homo sapiens
3795_AT2,KHK,Recon3D,Homo sapiens
37_AT1,ACADVL,Recon3D,Homo sapiens
383_AT1,ARG1,Recon3D,Homo sapiens
384_AT1,ARG2,Recon3D,Homo sapiens
386757_AT1,,Recon3D,Homo sapiens
387775_AT1,SLC22A10,Recon3D,Homo sapiens
387893_AT1,KMT5A,Recon3D,Homo sapiens
389015_AT1,SLC9A4,Recon3D,Homo sapiens
38_AT1,ACAT1,Recon3D,Homo sapiens
3906_AT1,LALBA,Recon3D,Homo sapiens
390928_AT1,ACP7,Recon3D,Homo sapiens
3930_AT1,LBR,Recon3D,Homo sapiens
3931_AT1,LCAT,Recon3D,Homo sapiens
3938_AT1,LCT,Recon3D,Homo sapiens
3939_AT1,LDHA,Recon3D,Homo sapiens
3945_AT1,LDHB,Recon3D,Homo sapiens
3948_AT1,LDHC,Recon3D,Homo sapiens
3948_AT2,LDHC,Recon3D,Homo sapiens
3988_AT1,LIPA,Recon3D,Homo sapiens
3990_AT1,LIPC,Recon3D,Homo sapiens
3991_AT1,LIPE,Recon3D,Homo sapiens
3992_AT1,FADS1,Recon3D,Homo sapiens
3995_AT1,FADS3,Recon3D,Homo sapiens
39_AT1,ACAT2,Recon3D,Homo sapiens
401494_AT1,HACD4,Recon3D,Homo sapiens
4017_AT1,LOXL2,Recon3D,Homo sapiens
4023_AT1,LPL,Recon3D,Homo sapiens
4025_AT1,LPO,Recon3D,Homo sapiens
403313_AT1,PLPP6,Recon3D,Homo sapiens
4047_AT1,LSS,Recon3D,Homo sapiens
4048_AT1,LTA4H,Recon3D,Homo sapiens
4051_AT1,CYP4F3,Recon3D,Homo sapiens
4056_AT1,LTC4S,Recon3D,Homo sapiens
4056_AT2,LTC4S,Recon3D,Homo sapiens
410_AT1,ARSA,Recon3D,Homo sapiens
411_AT1,ARSB,Recon3D,Homo sapiens
411_AT2,ARSB,Recon3D,Homo sapiens
4125_AT1,MAN2B1,Recon3D,Homo sapiens
4126_AT1,MANBA,Recon3D,Homo sapiens
4128_AT1,MAOA,Recon3D,Homo sapiens
4129_AT1,MAOB,Recon3D,Homo sapiens
412_AT1,STS,Recon3D,Homo sapiens
4143_AT1,MAT1A,Recon3D,Homo sapiens
4144_AT1,MAT2A,Recon3D,Homo sapiens
4166_AT1,CHST6,Recon3D,Homo sapiens
4190_AT1,MDH1,Recon3D,Homo sapiens
4191_AT1,MDH2,Recon3D,Homo sapiens
4199_AT1,ME1,Recon3D,Homo sapiens
4200_AT1,ME2,Recon3D,Homo sapiens
4249_AT1,MGAT5,Recon3D,Homo sapiens
4258_AT1,MGST2,Recon3D,Homo sapiens
4259_AT1,MGST3,Recon3D,Homo sapiens
427_AT1,ASAH1,Recon3D,Homo sapiens
427_AT2,ASAH1,Recon3D,Homo sapiens
4284_AT1,MIP,Recon3D,Homo sapiens
4297_AT1,KMT2A,Recon3D,Homo sapiens
4329_AT1,ALDH6A1,Recon3D,Homo sapiens
4351_AT1,MPI,Recon3D,Homo sapiens
4353_AT1,MPO,Recon3D,Homo sapiens
4357_AT1,MPST,Recon3D,Homo sapiens
435_AT1,ASL,Recon3D,Homo sapiens
4363_AT1,ABCC1,Recon3D,Homo sapiens
438_AT1,ASMT,Recon3D,Homo sapiens
43_AT1,ACHE,Recon3D,Homo sapiens
43_AT2,ACHE,Recon3D,Homo sapiens
440_AT1,ASNS,Recon3D,Homo sapiens
440_AT2,ASNS,Recon3D,Homo sapiens
440_AT3,ASNS,Recon3D,Homo sapiens
441024_AT1,MTHFD2L,Recon3D,Homo sapiens
441282_AT1,AKR1B15,Recon3D,Homo sapiens
443_AT1,ASPA,Recon3D,Homo sapiens
445_AT1,ASS1,Recon3D,Homo sapiens
445_AT2,ASS1,Recon3D,Homo sapiens
4507_AT1,MTAP,Recon3D,Homo sapiens
4512_AT1,COX1,Recon3D,Homo sapiens
4513_AT1,COX2,Recon3D,Homo sapiens
4514_AT1,COX3,Recon3D,Homo sapiens
4519_AT1,CYTB,Recon3D,Homo sapiens
4522_AT1,MTHFD1,Recon3D,Homo sapiens
4524_AT1,MTHFR,Recon3D,Homo sapiens
4535_AT1,ND1,Recon3D,Homo sapiens
4536_AT1,ND2,Recon3D,Homo sapiens
4537_AT1,ND3,Recon3D,Homo sapiens
4538_AT1,ND4,Recon3D,Homo sapiens
4539_AT1,ND4L,Recon3D,Homo sapiens
4540_AT1,ND5,Recon3D,Homo sapiens
4541_AT1,ND6,Recon3D,Homo sapiens
4548_AT1,MTR,Recon3D,Homo sapiens
4594_AT1,MUT,Recon3D,Homo sapiens
4597_AT1,MVD,Recon3D,Homo sapiens
4598_AT1,MVK,Recon3D,Homo sapiens
4645_AT1,MYO5B,Recon3D,Homo sapiens
4668_AT1,NAGA,Recon3D,Homo sapiens
4669_AT1,NAGLU,Recon3D,Homo sapiens
4694_AT1,NDUFA1,Recon3D,Homo sapiens
4695_AT1,NDUFA2,Recon3D,Homo sapiens
4696_AT1,NDUFA3,Recon3D,Homo sapiens
4697_AT1,NDUFA4,Recon3D,Homo sapiens
4698_AT1,NDUFA5,Recon3D,Homo sapiens
4700_AT1,NDUFA6,Recon3D,Homo sapiens
4701_AT1,NDUFA7,Recon3D,Homo sapiens
4702_AT1,NDUFA8,Recon3D,Homo sapiens
4704_AT1,NDUFA9,Recon3D,Homo sapiens
4705_AT1,NDUFA10,Recon3D,Homo sapiens
4706_AT1,NDUFAB1,Recon3D,Homo sapiens
4707_AT1,NDUFB1,Recon3D,Homo sapiens
4708_AT1,NDUFB2,Recon3D,Homo sapiens
4709_AT1,NDUFB3,Recon3D,Homo sapiens
4710_AT1,NDUFB4,Recon3D,Homo sapiens
4711_AT1,NDUFB5,Recon3D,Homo sapiens
4712_AT1,NDUFB6,Recon3D,Homo sapiens
4712_AT2,NDUFB6,Recon3D,Homo sapiens
4713_AT1,NDUFB7,Recon3D,Homo sapiens
4714_AT1,NDUFB8,Recon3D,Homo sapiens
4715_AT1,NDUFB9,Recon3D,Homo sapiens
4716_AT1,NDUFB10,Recon3D,Homo sapiens
4717_AT1,NDUFC1,Recon3D,Homo sapiens
4718_AT1,NDUFC2,Recon3D,Homo sapiens
4719_AT1,NDUFS1,Recon3D,Homo sapiens
471_AT1,ATIC,Recon3D,Homo sapiens
4720_AT1,NDUFS2,Recon3D,Homo sapiens
4722_AT1,NDUFS3,Recon3D,Homo sapiens
4723_AT1,NDUFV1,Recon3D,Homo sapiens
4724_AT1,NDUFS4,Recon3D,Homo sapiens
4725_AT1,NDUFS5,Recon3D,Homo sapiens
4726_AT1,NDUFS6,Recon3D,Homo sapiens
4728_AT1,NDUFS8,Recon3D,Homo sapiens
4729_AT1,NDUFV2,Recon3D,Homo sapiens
4731_AT1,NDUFV3,Recon3D,Homo sapiens
4731_AT2,NDUFV3,Recon3D,Homo sapiens
4758_AT1,NEU1,Recon3D,Homo sapiens
4759_AT1,NEU2,Recon3D,Homo sapiens
476_AT1,ATP1A1,Recon3D,Homo sapiens
477_AT1,ATP1A2,Recon3D,Homo sapiens
478_AT1,ATP1A3,Recon3D,Homo sapiens
47_AT1,ACLY,Recon3D,Homo sapiens
47_AT2,ACLY,Recon3D,Homo sapiens
480_AT1,ATP1A4,Recon3D,Homo sapiens
481_AT1,ATP1B1,Recon3D,Homo sapiens
482_AT1,ATP1B2,Recon3D,Homo sapiens
4830_AT1,NME1,Recon3D,Homo sapiens
4830_AT2,NME1,Recon3D,Homo sapiens
4831_AT1,NME2,Recon3D,Homo sapiens
4832_AT1,NME3,Recon3D,Homo sapiens
4833_AT1,NME4,Recon3D,Homo sapiens
4837_AT1,NNMT,Recon3D,Homo sapiens
483_AT1,ATP1B3,Recon3D,Homo sapiens
4842_AT1,NOS1,Recon3D,Homo sapiens
4843_AT1,NOS2,Recon3D,Homo sapiens
4843_AT2,NOS2,Recon3D,Homo sapiens
4846_AT1,NOS3,Recon3D,Homo sapiens
4860_AT1,PNP,Recon3D,Homo sapiens
4864_AT1,NPC1,Recon3D,Homo sapiens
4881_AT1,NPR1,Recon3D,Homo sapiens
4882_AT1,NPR2,Recon3D,Homo sapiens
4882_AT2,NPR2,Recon3D,Homo sapiens
4891_AT1,SLC11A2,Recon3D,Homo sapiens
48_AT1,ACO1,Recon3D,Homo sapiens
4905_AT1,NSF,Recon3D,Homo sapiens
4907_AT1,NT5E,Recon3D,Homo sapiens
490_AT1,ATP2B1,Recon3D,Homo sapiens
491_AT1,ATP2B2,Recon3D,Homo sapiens
492_AT1,ATP2B3,Recon3D,Homo sapiens
493869_AT1,GPX8,Recon3D,Homo sapiens
493_AT1,ATP2B4,Recon3D,Homo sapiens
4942_AT1,OAT,Recon3D,Homo sapiens
4952_AT1,OCRL,Recon3D,Homo sapiens
4952_AT2,OCRL,Recon3D,Homo sapiens
4953_AT1,ODC1,Recon3D,Homo sapiens
495_AT1,ATP4A,Recon3D,Homo sapiens
4967_AT1,OGDH,Recon3D,Homo sapiens
4967_AT2,OGDH,Recon3D,Homo sapiens
496_AT1,ATP4B,Recon3D,Homo sapiens
498_AT1,ATP5A1,Recon3D,Homo sapiens
498_AT2,ATP5A1,Recon3D,Homo sapiens
498_AT3,ATP5A1,Recon3D,Homo sapiens
5009_AT1,OTC,Recon3D,Homo sapiens
5019_AT1,OXCT1,Recon3D,Homo sapiens
501_AT1,ALDH7A1,Recon3D,Homo sapiens
5033_AT1,P4HA1,Recon3D,Homo sapiens
50484_AT1,RRM2B,Recon3D,Homo sapiens
50487_AT1,PLA2G3,Recon3D,Homo sapiens
5048_AT1,PAFAH1B1,Recon3D,Homo sapiens
5049_AT1,PAFAH1B2,Recon3D,Homo sapiens
50506_AT1,DUOX2,Recon3D,Homo sapiens
5050_AT1,PAFAH1B3,Recon3D,Homo sapiens
50515_AT1,CHST11,Recon3D,Homo sapiens
5051_AT1,PAFAH2,Recon3D,Homo sapiens
5052_AT1,PRDX1,Recon3D,Homo sapiens
5052_AT2,PRDX1,Recon3D,Homo sapiens
5052_AT3,PRDX1,Recon3D,Homo sapiens
5053_AT1,PAH,Recon3D,Homo sapiens
50614_AT1,GALNT9,Recon3D,Homo sapiens
50617_AT1,ATP6V0A4,Recon3D,Homo sapiens
50617_AT2,ATP6V0A4,Recon3D,Homo sapiens
50617_AT3,ATP6V0A4,Recon3D,Homo sapiens
506_AT1,ATP5B,Recon3D,Homo sapiens
50700_AT1,RDH8,Recon3D,Homo sapiens
50808_AT1,AK3,Recon3D,Homo sapiens
50814_AT1,NSDHL,Recon3D,Homo sapiens
5091_AT1,PC,Recon3D,Homo sapiens
5091_AT2,PC,Recon3D,Homo sapiens
5092_AT1,PCBD1,Recon3D,Homo sapiens
5092_AT2,PCBD1,Recon3D,Homo sapiens
50940_AT1,PDE11A,Recon3D,Homo sapiens
509_AT1,ATP5C1,Recon3D,Homo sapiens
509_AT2,ATP5C1,Recon3D,Homo sapiens
50_AT1,ACO2,Recon3D,Homo sapiens
51004_AT1,COQ6,Recon3D,Homo sapiens
51004_AT2,COQ6,Recon3D,Homo sapiens
51005_AT1,AMDHD2,Recon3D,Homo sapiens
51022_AT1,GLRX2,Recon3D,Homo sapiens
51022_AT2,GLRX2,Recon3D,Homo sapiens
51056_AT1,LAP3,Recon3D,Homo sapiens
5105_AT1,PCK1,Recon3D,Homo sapiens
5106_AT1,PCK2,Recon3D,Homo sapiens
51071_AT1,DERA,Recon3D,Homo sapiens
51079_AT1,NDUFA13,Recon3D,Homo sapiens
51086_AT1,TNNI3K,Recon3D,Homo sapiens
51099_AT1,ABHD5,Recon3D,Homo sapiens
51102_AT1,MECR,Recon3D,Homo sapiens
51109_AT1,RDH11,Recon3D,Homo sapiens
51111_AT1,KMT5B,Recon3D,Homo sapiens
51144_AT1,HSD17B12,Recon3D,Homo sapiens
51146_AT1,A4GNT,Recon3D,Homo sapiens
51166_AT1,AADAT,Recon3D,Homo sapiens
51166_AT2,AADAT,Recon3D,Homo sapiens
51170_AT1,HSD17B11,Recon3D,Homo sapiens
51171_AT1,HSD17B14,Recon3D,Homo sapiens
51179_AT1,HAO2,Recon3D,Homo sapiens
51179_AT2,HAO2,Recon3D,Homo sapiens
51181_AT1,DCXR,Recon3D,Homo sapiens
51196_AT1,PLCE1,Recon3D,Homo sapiens
51205_AT1,ACP6,Recon3D,Homo sapiens
51227_AT1,PIGP,Recon3D,Homo sapiens
51227_AT2,PIGP,Recon3D,Homo sapiens
51227_AT3,PIGP,Recon3D,Homo sapiens
51228_AT1,GLTP,Recon3D,Homo sapiens
51251_AT1,NT5C3A,Recon3D,Homo sapiens
51268_AT1,PIPOX,Recon3D,Homo sapiens
51292_AT1,GMPR2,Recon3D,Homo sapiens
51301_AT1,GCNT4,Recon3D,Homo sapiens
51302_AT1,CYP39A1,Recon3D,Homo sapiens
5130_AT1,PCYT1A,Recon3D,Homo sapiens
51312_AT1,SLC25A37,Recon3D,Homo sapiens
5136_AT1,PDE1A,Recon3D,Homo sapiens
5136_AT2,PDE1A,Recon3D,Homo sapiens
5137_AT1,PDE1C,Recon3D,Homo sapiens
51380_AT1,CSAD,Recon3D,Homo sapiens
51382_AT1,ATP6V1D,Recon3D,Homo sapiens
5138_AT1,PDE2A,Recon3D,Homo sapiens
5139_AT1,PDE3A,Recon3D,Homo sapiens
513_AT1,ATP5D,Recon3D,Homo sapiens
513_AT2,ATP5D,Recon3D,Homo sapiens
5140_AT1,PDE3B,Recon3D,Homo sapiens
5140_AT2,PDE3B,Recon3D,Homo sapiens
5141_AT1,PDE4A,Recon3D,Homo sapiens
5142_AT1,PDE4B,Recon3D,Homo sapiens
5143_AT1,PDE4C,Recon3D,Homo sapiens
51447_AT1,IP6K2,Recon3D,Homo sapiens
51447_AT2,IP6K2,Recon3D,Homo sapiens
51447_AT3,IP6K2,Recon3D,Homo sapiens
51447_AT4,IP6K2,Recon3D,Homo sapiens
51447_AT5,IP6K2,Recon3D,Homo sapiens
51447_AT6,IP6K2,Recon3D,Homo sapiens
5144_AT1,PDE4D,Recon3D,Homo sapiens
51458_AT1,RHCG,Recon3D,Homo sapiens
5145_AT1,PDE6A,Recon3D,Homo sapiens
5146_AT1,PDE6C,Recon3D,Homo sapiens
51477_AT1,ISYNA1,Recon3D,Homo sapiens
51478_AT1,HSD17B7,Recon3D,Homo sapiens
5147_AT1,PDE6D,Recon3D,Homo sapiens
5148_AT1,PDE6G,Recon3D,Homo sapiens
51495_AT1,HACD3,Recon3D,Homo sapiens
51496_AT1,CTDSPL2,Recon3D,Homo sapiens
5149_AT1,PDE6H,Recon3D,Homo sapiens
514_AT1,ATP5E,Recon3D,Homo sapiens
514_AT2,ATP5E,Recon3D,Homo sapiens
5150_AT1,PDE7A,Recon3D,Homo sapiens
5150_AT2,PDE7A,Recon3D,Homo sapiens
5151_AT1,PDE8A,Recon3D,Homo sapiens
5151_AT2,PDE8A,Recon3D,Homo sapiens
5151_AT3,PDE8A,Recon3D,Homo sapiens
5151_AT4,PDE8A,Recon3D,Homo sapiens
5151_AT5,PDE8A,Recon3D,Homo sapiens
5152_AT1,PDE9A,Recon3D,Homo sapiens
5152_AT10,PDE9A,Recon3D,Homo sapiens
5152_AT11,PDE9A,Recon3D,Homo sapiens
5152_AT12,PDE9A,Recon3D,Homo sapiens
5152_AT13,PDE9A,Recon3D,Homo sapiens
5152_AT14,PDE9A,Recon3D,Homo sapiens
5152_AT15,PDE9A,Recon3D,Homo sapiens
5152_AT16,PDE9A,Recon3D,Homo sapiens
5152_AT17,PDE9A,Recon3D,Homo sapiens
5152_AT18,PDE9A,Recon3D,Homo sapiens
5152_AT19,PDE9A,Recon3D,Homo sapiens
5152_AT2,PDE9A,Recon3D,Homo sapiens
5152_AT20,PDE9A,Recon3D,Homo sapiens
5152_AT3,PDE9A,Recon3D,Homo sapiens
5152_AT4,PDE9A,Recon3D,Homo sapiens
5152_AT5,PDE9A,Recon3D,Homo sapiens
5152_AT6,PDE9A,Recon3D,Homo sapiens
5152_AT7,PDE9A,Recon3D,Homo sapiens
5153_AT1,PDE1B,Recon3D,Homo sapiens
51557_AT1,LGSN,Recon3D,Homo sapiens
51559_AT1,NT5DC3,Recon3D,Homo sapiens
5158_AT1,PDE6B,Recon3D,Homo sapiens
515_AT1,ATP5F1,Recon3D,Homo sapiens
515_AT2,ATP5F1,Recon3D,Homo sapiens
515_AT3,ATP5F1,Recon3D,Homo sapiens
51604_AT1,PIGT,Recon3D,Homo sapiens
51606_AT1,ATP6V1H,Recon3D,Homo sapiens
51606_AT2,ATP6V1H,Recon3D,Homo sapiens
51606_AT3,ATP6V1H,Recon3D,Homo sapiens
5160_AT1,PDHA1,Recon3D,Homo sapiens
5161_AT1,PDHA2,Recon3D,Homo sapiens
5162_AT1,PDHB,Recon3D,Homo sapiens
51660_AT1,MPC1,Recon3D,Homo sapiens
5167_AT1,ENPP1,Recon3D,Homo sapiens
5168_AT1,ENPP2,Recon3D,Homo sapiens
5169_AT1,ENPP3,Recon3D,Homo sapiens
516_AT1,ATP5G1,Recon3D,Homo sapiens
516_AT2,ATP5G1,Recon3D,Homo sapiens
51700_AT1,CYB5R2,Recon3D,Homo sapiens
51703_AT1,ACSL5,Recon3D,Homo sapiens
51706_AT1,CYB5R1,Recon3D,Homo sapiens
51727_AT1,CMPK1,Recon3D,Homo sapiens
5172_AT1,SLC26A4,Recon3D,Homo sapiens
51733_AT1,UPB1,Recon3D,Homo sapiens
51741_AT1,WWOX,Recon3D,Homo sapiens
517_AT1,ATP5G2,Recon3D,Homo sapiens
517_AT2,ATP5G2,Recon3D,Homo sapiens
51805_AT1,COQ3,Recon3D,Homo sapiens
51809_AT1,GALNT7,Recon3D,Homo sapiens
5184_AT1,PEPD,Recon3D,Homo sapiens
518_AT1,ATP5G3,Recon3D,Homo sapiens
518_AT2,ATP5G3,Recon3D,Homo sapiens
518_AT3,ATP5G3,Recon3D,Homo sapiens
5198_AT1,PFAS,Recon3D,Homo sapiens
51_AT1,ACOX1,Recon3D,Homo sapiens
51_AT2,ACOX1,Recon3D,Homo sapiens
5205_AT1,ATP8B1,Recon3D,Homo sapiens
5207_AT1,PFKFB1,Recon3D,Homo sapiens
5208_AT1,PFKFB2,Recon3D,Homo sapiens
5209_AT1,PFKFB3,Recon3D,Homo sapiens
5210_AT1,PFKFB4,Recon3D,Homo sapiens
5211_AT1,PFKL,Recon3D,Homo sapiens
5211_AT2,PFKL,Recon3D,Homo sapiens
5213_AT1,PFKM,Recon3D,Homo sapiens
5214_AT1,PFKP,Recon3D,Homo sapiens
521_AT1,ATP5I,Recon3D,Homo sapiens
5223_AT1,PGAM1,Recon3D,Homo sapiens
5224_AT1,PGAM2,Recon3D,Homo sapiens
5224_AT2,PGAM2,Recon3D,Homo sapiens
5226_AT1,PGD,Recon3D,Homo sapiens
522_AT1,ATP5J,Recon3D,Homo sapiens
522_AT2,ATP5J,Recon3D,Homo sapiens
522_AT3,ATP5J,Recon3D,Homo sapiens
522_AT4,ATP5J,Recon3D,Homo sapiens
522_AT5,ATP5J,Recon3D,Homo sapiens
5230_AT1,PGK1,Recon3D,Homo sapiens
5232_AT1,PGK2,Recon3D,Homo sapiens
5236_AT1,PGM1,Recon3D,Homo sapiens
5238_AT1,PGM3,Recon3D,Homo sapiens
523_AT1,ATP6V1A,Recon3D,Homo sapiens
5243_AT1,ABCB1,Recon3D,Homo sapiens
5244_AT1,ABCB4,Recon3D,Homo sapiens
5244_AT2,ABCB4,Recon3D,Homo sapiens
5244_AT3,ABCB4,Recon3D,Homo sapiens
5251_AT1,PHEX,Recon3D,Homo sapiens
525_AT1,ATP6V1B1,Recon3D,Homo sapiens
5264_AT1,PHYH,Recon3D,Homo sapiens
526_AT1,ATP6V1B2,Recon3D,Homo sapiens
5277_AT1,PIGA,Recon3D,Homo sapiens
5277_AT2,PIGA,Recon3D,Homo sapiens
5277_AT3,PIGA,Recon3D,Homo sapiens
5279_AT1,PIGC,Recon3D,Homo sapiens
5279_AT2,PIGC,Recon3D,Homo sapiens
527_AT1,ATP6V0C,Recon3D,Homo sapiens
5281_AT1,PIGF,Recon3D,Homo sapiens
5281_AT2,PIGF,Recon3D,Homo sapiens
5283_AT1,PIGH,Recon3D,Homo sapiens
5286_AT1,PIK3C2A,Recon3D,Homo sapiens
5287_AT1,PIK3C2B,Recon3D,Homo sapiens
5288_AT1,PIK3C2G,Recon3D,Homo sapiens
5289_AT1,PIK3C3,Recon3D,Homo sapiens
528_AT1,ATP6V1C1,Recon3D,Homo sapiens
528_AT2,ATP6V1C1,Recon3D,Homo sapiens
5290_AT1,PIK3CA,Recon3D,Homo sapiens
5291_AT1,PIK3CB,Recon3D,Homo sapiens
5293_AT1,PIK3CD,Recon3D,Homo sapiens
5294_AT1,PIK3CG,Recon3D,Homo sapiens
5295_AT1,PIK3R1,Recon3D,Homo sapiens
5295_AT2,PIK3R1,Recon3D,Homo sapiens
5295_AT3,PIK3R1,Recon3D,Homo sapiens
5296_AT1,PIK3R2,Recon3D,Homo sapiens
5297_AT1,PI4KA,Recon3D,Homo sapiens
5298_AT1,PI4KB,Recon3D,Homo sapiens
529_AT1,ATP6V1E1,Recon3D,Homo sapiens
52_AT1,ACP1,Recon3D,Homo sapiens
52_AT2,ACP1,Recon3D,Homo sapiens
52_AT3,ACP1,Recon3D,Homo sapiens
5305_AT1,PIP4K2A,Recon3D,Homo sapiens
5313_AT1,PKLR,Recon3D,Homo sapiens
5313_AT2,PKLR,Recon3D,Homo sapiens
5315_AT1,PKM,Recon3D,Homo sapiens
5315_AT2,PKM,Recon3D,Homo sapiens
5315_AT3,PKM,Recon3D,Homo sapiens
5319_AT1,PLA2G1B,Recon3D,Homo sapiens
5320_AT1,PLA2G2A,Recon3D,Homo sapiens
5321_AT1,PLA2G4A,Recon3D,Homo sapiens
5322_AT1,PLA2G5,Recon3D,Homo sapiens
5330_AT1,PLCB2,Recon3D,Homo sapiens
5331_AT1,PLCB3,Recon3D,Homo sapiens
5332_AT1,PLCB4,Recon3D,Homo sapiens
5332_AT2,PLCB4,Recon3D,Homo sapiens
5333_AT1,PLCD1,Recon3D,Homo sapiens
5334_AT1,PLCL1,Recon3D,Homo sapiens
53354_AT1,PANK1,Recon3D,Homo sapiens
53354_AT2,PANK1,Recon3D,Homo sapiens
53354_AT3,PANK1,Recon3D,Homo sapiens
5335_AT1,PLCG1,Recon3D,Homo sapiens
5335_AT2,PLCG1,Recon3D,Homo sapiens
5336_AT1,PLCG2,Recon3D,Homo sapiens
5337_AT1,PLD1,Recon3D,Homo sapiens
5338_AT1,PLD2,Recon3D,Homo sapiens
533_AT1,ATP6V0B,Recon3D,Homo sapiens
534_AT1,ATP6V1G2,Recon3D,Homo sapiens
534_AT2,ATP6V1G2,Recon3D,Homo sapiens
535_AT1,ATP6V0A1,Recon3D,Homo sapiens
53630_AT1,BCO1,Recon3D,Homo sapiens
5372_AT1,PMM1,Recon3D,Homo sapiens
5373_AT1,PMM2,Recon3D,Homo sapiens
53905_AT1,DUOX1,Recon3D,Homo sapiens
53905_AT2,DUOX1,Recon3D,Homo sapiens
53919_AT1,SLCO1C1,Recon3D,Homo sapiens
53947_AT1,A4GALT,Recon3D,Homo sapiens
539_AT1,ATP5O,Recon3D,Homo sapiens
53_AT1,ACP2,Recon3D,Homo sapiens
54020_AT1,SLC37A1,Recon3D,Homo sapiens
5406_AT1,PNLIP,Recon3D,Homo sapiens
5407_AT1,PNLIPRP1,Recon3D,Homo sapiens
5408_AT1,PNLIPRP2,Recon3D,Homo sapiens
5409_AT1,PNMT,Recon3D,Homo sapiens
54187_AT1,NANS,Recon3D,Homo sapiens
54363_AT1,HAO1,Recon3D,Homo sapiens
54407_AT1,SLC38A2,Recon3D,Homo sapiens
5446_AT1,PON3,Recon3D,Homo sapiens
54480_AT1,CHPF2,Recon3D,Homo sapiens
54490_AT1,UGT2B28,Recon3D,Homo sapiens
54511_AT1,HMGCLL1,Recon3D,Homo sapiens
54539_AT1,NDUFB11,Recon3D,Homo sapiens
54575_AT1,UGT1A10,Recon3D,Homo sapiens
54576_AT1,UGT1A8,Recon3D,Homo sapiens
54577_AT1,UGT1A7,Recon3D,Homo sapiens
54578_AT1,UGT1A6,Recon3D,Homo sapiens
54579_AT1,UGT1A5,Recon3D,Homo sapiens
54600_AT1,UGT1A9,Recon3D,Homo sapiens
5464_AT1,PPA1,Recon3D,Homo sapiens
54657_AT1,UGT1A4,Recon3D,Homo sapiens
54658_AT1,UGT1A1,Recon3D,Homo sapiens
54659_AT1,UGT1A3,Recon3D,Homo sapiens
54675_AT1,CRLS1,Recon3D,Homo sapiens
54677_AT1,CROT,Recon3D,Homo sapiens
54682_AT1,MANSC1,Recon3D,Homo sapiens
54716_AT1,SLC6A20,Recon3D,Homo sapiens
5471_AT1,PPAT,Recon3D,Homo sapiens
5476_AT1,CTSA,Recon3D,Homo sapiens
548596_AT1,CKMT1A,Recon3D,Homo sapiens
54872_AT1,PIGG,Recon3D,Homo sapiens
54898_AT1,ELOVL2,Recon3D,Homo sapiens
54904_AT1,WHSC1L1,Recon3D,Homo sapiens
54963_AT1,UCKL1,Recon3D,Homo sapiens
54965_AT1,PIGX,Recon3D,Homo sapiens
54981_AT1,NMRK1,Recon3D,Homo sapiens
54988_AT1,ACSM5,Recon3D,Homo sapiens
5498_AT1,PPOX,Recon3D,Homo sapiens
54995_AT1,OXSM,Recon3D,Homo sapiens
549_AT1,AUH,Recon3D,Homo sapiens
54_AT1,ACP5,Recon3D,Homo sapiens
55065_AT1,SLC52A1,Recon3D,Homo sapiens
55066_AT1,PDPR,Recon3D,Homo sapiens
55089_AT1,SLC38A4,Recon3D,Homo sapiens
55163_AT1,PNPO,Recon3D,Homo sapiens
55191_AT1,NADSYN1,Recon3D,Homo sapiens
55217_AT1,TMLHE,Recon3D,Homo sapiens
55224_AT1,ETNK2,Recon3D,Homo sapiens
55229_AT1,PANK4,Recon3D,Homo sapiens
55244_AT1,SLC47A1,Recon3D,Homo sapiens
55256_AT1,ADI1,Recon3D,Homo sapiens
55268_AT1,ECHDC2,Recon3D,Homo sapiens
55276_AT1,PGM2,Recon3D,Homo sapiens
55277_AT1,FGGY,Recon3D,Homo sapiens
55293_AT1,UEVLD,Recon3D,Homo sapiens
55304_AT1,SPTLC3,Recon3D,Homo sapiens
55312_AT1,RFK,Recon3D,Homo sapiens
55315_AT1,SLC29A3,Recon3D,Homo sapiens
55326_AT1,AGPAT5,Recon3D,Homo sapiens
55331_AT1,ACER3,Recon3D,Homo sapiens
55343_AT1,SLC35C1,Recon3D,Homo sapiens
55349_AT1,CHDH,Recon3D,Homo sapiens
55350_AT1,VNN3,Recon3D,Homo sapiens
55350_AT2,VNN3,Recon3D,Homo sapiens
55350_AT3,VNN3,Recon3D,Homo sapiens
55361_AT1,PI4K2A,Recon3D,Homo sapiens
5538_AT1,PPT1,Recon3D,Homo sapiens
55454_AT1,CSGALNACT2,Recon3D,Homo sapiens
55500_AT1,ETNK1,Recon3D,Homo sapiens
55501_AT1,CHST12,Recon3D,Homo sapiens
55512_AT1,SMPD3,Recon3D,Homo sapiens
55512_AT2,SMPD3,Recon3D,Homo sapiens
55568_AT1,GALNT10,Recon3D,Homo sapiens
55568_AT2,GALNT10,Recon3D,Homo sapiens
55577_AT1,NAGK,Recon3D,Homo sapiens
55586_AT1,MIOX,Recon3D,Homo sapiens
55613_AT1,MTMR8,Recon3D,Homo sapiens
55624_AT1,POMGNT1,Recon3D,Homo sapiens
55627_AT1,SMPD4,Recon3D,Homo sapiens
55650_AT1,PIGV,Recon3D,Homo sapiens
55748_AT1,CNDP2,Recon3D,Homo sapiens
55750_AT1,AGK,Recon3D,Homo sapiens
55757_AT1,UGGT2,Recon3D,Homo sapiens
55790_AT1,CSGALNACT1,Recon3D,Homo sapiens
55808_AT1,ST6GALNAC1,Recon3D,Homo sapiens
55811_AT1,ADCY10,Recon3D,Homo sapiens
55825_AT1,PECR,Recon3D,Homo sapiens
55830_AT1,GLT8D1,Recon3D,Homo sapiens
55856_AT1,ACOT13,Recon3D,Homo sapiens
55867_AT1,SLC22A11,Recon3D,Homo sapiens
55870_AT1,ASH1L,Recon3D,Homo sapiens
55902_AT1,ACSS2,Recon3D,Homo sapiens
55902_AT2,ACSS2,Recon3D,Homo sapiens
55904_AT1,KMT2E,Recon3D,Homo sapiens
55907_AT1,CMAS,Recon3D,Homo sapiens
55967_AT1,NDUFA12,Recon3D,Homo sapiens
55_AT1,ACPP,Recon3D,Homo sapiens
5625_AT1,PRODH,Recon3D,Homo sapiens
56261_AT1,GPCPD1,Recon3D,Homo sapiens
56301_AT1,SLC7A10,Recon3D,Homo sapiens
5631_AT1,PRPS1,Recon3D,Homo sapiens
5634_AT1,PRPS2,Recon3D,Homo sapiens
56474_AT1,CTPS2,Recon3D,Homo sapiens
56548_AT1,CHST7,Recon3D,Homo sapiens
56606_AT1,SLC2A9,Recon3D,Homo sapiens
56606_AT2,SLC2A9,Recon3D,Homo sapiens
5660_AT1,PSAP,Recon3D,Homo sapiens
56623_AT1,INPP5E,Recon3D,Homo sapiens
56624_AT1,ASAH2,Recon3D,Homo sapiens
56848_AT1,SPHK2,Recon3D,Homo sapiens
56886_AT1,UGGT1,Recon3D,Homo sapiens
56894_AT1,AGPAT3,Recon3D,Homo sapiens
56894_AT2,AGPAT3,Recon3D,Homo sapiens
56895_AT1,AGPAT4,Recon3D,Homo sapiens
56898_AT1,BDH2,Recon3D,Homo sapiens
56913_AT1,C1GALT1,Recon3D,Homo sapiens
56922_AT1,MCCC1,Recon3D,Homo sapiens
56953_AT1,NT5M,Recon3D,Homo sapiens
56954_AT1,NIT2,Recon3D,Homo sapiens
56983_AT1,POGLUT1,Recon3D,Homo sapiens
56994_AT1,CHPT1,Recon3D,Homo sapiens
57016_AT1,AKR1B10,Recon3D,Homo sapiens
57026_AT1,PDXP,Recon3D,Homo sapiens
57030_AT1,SLC17A7,Recon3D,Homo sapiens
57084_AT1,SLC17A6,Recon3D,Homo sapiens
57094_AT1,CPA6,Recon3D,Homo sapiens
570_AT1,BAAT,Recon3D,Homo sapiens
57104_AT1,PNPLA2,Recon3D,Homo sapiens
57127_AT1,RHBG,Recon3D,Homo sapiens
57171_AT1,DOLPP1,Recon3D,Homo sapiens
57194_AT1,ATP10A,Recon3D,Homo sapiens
57198_AT1,ATP8B2,Recon3D,Homo sapiens
5723_AT1,PSPH,Recon3D,Homo sapiens
57282_AT1,SLC4A10,Recon3D,Homo sapiens
5728_AT1,PTEN,Recon3D,Homo sapiens
5730_AT1,PTGDS,Recon3D,Homo sapiens
57379_AT1,AICDA,Recon3D,Homo sapiens
57393_AT1,TMEM27,Recon3D,Homo sapiens
5740_AT1,PTGIS,Recon3D,Homo sapiens
57419_AT1,SLC24A3,Recon3D,Homo sapiens
5742_AT1,PTGS1,Recon3D,Homo sapiens
5743_AT1,PTGS2,Recon3D,Homo sapiens
57468_AT1,SLC12A5,Recon3D,Homo sapiens
57571_AT1,CARNS1,Recon3D,Homo sapiens
57665_AT1,RDH14,Recon3D,Homo sapiens
57678_AT1,GPAM,Recon3D,Homo sapiens
57704_AT1,GBA2,Recon3D,Homo sapiens
57818_AT1,G6PC2,Recon3D,Homo sapiens
57834_AT1,CYP4F11,Recon3D,Homo sapiens
57835_AT1,SLC4A5,Recon3D,Homo sapiens
57835_AT2,SLC4A5,Recon3D,Homo sapiens
57835_AT3,SLC4A5,Recon3D,Homo sapiens
57835_AT4,SLC4A5,Recon3D,Homo sapiens
5805_AT1,PTS,Recon3D,Homo sapiens
5825_AT1,ABCD3,Recon3D,Homo sapiens
5831_AT1,PYCR1,Recon3D,Homo sapiens
5831_AT2,PYCR1,Recon3D,Homo sapiens
5832_AT1,ALDH18A1,Recon3D,Homo sapiens
5833_AT1,PCYT2,Recon3D,Homo sapiens
5834_AT1,PYGB,Recon3D,Homo sapiens
5836_AT1,PYGL,Recon3D,Homo sapiens
5837_AT1,PYGM,Recon3D,Homo sapiens
58478_AT1,ENOPH1,Recon3D,Homo sapiens
58508_AT1,KMT2C,Recon3D,Homo sapiens
58510_AT1,PRODH2,Recon3D,Homo sapiens
5860_AT1,QDPR,Recon3D,Homo sapiens
586_AT1,BCAT1,Recon3D,Homo sapiens
587_AT1,BCAT2,Recon3D,Homo sapiens
590_AT1,BCHE,Recon3D,Homo sapiens
59272_AT1,ACE2,Recon3D,Homo sapiens
593_AT1,BCKDHA,Recon3D,Homo sapiens
5947_AT1,RBP1,Recon3D,Homo sapiens
5948_AT1,RBP2,Recon3D,Homo sapiens
594_AT1,BCKDHB,Recon3D,Homo sapiens
594_AT2,BCKDHB,Recon3D,Homo sapiens
5950_AT1,RBP4,Recon3D,Homo sapiens
5959_AT1,RDH5,Recon3D,Homo sapiens
5973_AT1,RENBP,Recon3D,Homo sapiens
6005_AT1,RHAG,Recon3D,Homo sapiens
60386_AT1,SLC25A19,Recon3D,Homo sapiens
60481_AT1,ELOVL5,Recon3D,Homo sapiens
60482_AT1,SLC5A7,Recon3D,Homo sapiens
60490_AT1,PPCDC,Recon3D,Homo sapiens
60559_AT1,SPCS3,Recon3D,Homo sapiens
6120_AT1,RPE,Recon3D,Homo sapiens
6120_AT2,RPE,Recon3D,Homo sapiens
622_AT1,BDH1,Recon3D,Homo sapiens
622_AT2,BDH1,Recon3D,Homo sapiens
622_AT3,BDH1,Recon3D,Homo sapiens
6240_AT1,RRM1,Recon3D,Homo sapiens
6241_AT1,RRM2,Recon3D,Homo sapiens
6296_AT1,ACSM3,Recon3D,Homo sapiens
6303_AT1,SAT1,Recon3D,Homo sapiens
6307_AT1,MSMO1,Recon3D,Homo sapiens
6309_AT1,SC5D,Recon3D,Homo sapiens
6319_AT1,SCD,Recon3D,Homo sapiens
6342_AT1,SCP2,Recon3D,Homo sapiens
635_AT1,BHMT,Recon3D,Homo sapiens
6389_AT1,SDHA,Recon3D,Homo sapiens
6390_AT1,SDHB,Recon3D,Homo sapiens
63917_AT1,GALNT11,Recon3D,Homo sapiens
6391_AT1,SDHC,Recon3D,Homo sapiens
6392_AT1,SDHD,Recon3D,Homo sapiens
64064_AT1,OXCT2,Recon3D,Homo sapiens
64077_AT1,LHPP,Recon3D,Homo sapiens
64078_AT1,SLC28A3,Recon3D,Homo sapiens
64080_AT1,RBKS,Recon3D,Homo sapiens
64087_AT1,MCCC2,Recon3D,Homo sapiens
64122_AT1,FN3K,Recon3D,Homo sapiens
64131_AT1,XYLT1,Recon3D,Homo sapiens
64132_AT1,XYLT2,Recon3D,Homo sapiens
641371_AT1,ACOT1,Recon3D,Homo sapiens
641372_AT1,ACOT6,Recon3D,Homo sapiens
641649_AT1,TMEM91,Recon3D,Homo sapiens
64174_AT1,DPEP2,Recon3D,Homo sapiens
64180_AT1,DPEP3,Recon3D,Homo sapiens
6419_AT1,SETMAR,Recon3D,Homo sapiens
64220_AT1,STRA6,Recon3D,Homo sapiens
64240_AT1,ABCG5,Recon3D,Homo sapiens
64241_AT1,ABCG8,Recon3D,Homo sapiens
64324_AT1,NSD1,Recon3D,Homo sapiens
64419_AT1,MTMR14,Recon3D,Homo sapiens
644378_AT1,,Recon3D,Homo sapiens
6448_AT1,SGSH,Recon3D,Homo sapiens
644974_AT1,ALG1L2,Recon3D,Homo sapiens
64499_AT1,TPSB2,Recon3D,Homo sapiens
644_AT1,BLVRA,Recon3D,Homo sapiens
645740_AT1,,Recon3D,Homo sapiens
64579_AT1,NDST4,Recon3D,Homo sapiens
645_AT1,BLVRB,Recon3D,Homo sapiens
64600_AT1,PLA2G2F,Recon3D,Homo sapiens
646480_AT1,FABP9,Recon3D,Homo sapiens
646486_AT1,FABP12,Recon3D,Homo sapiens
6470_AT1,SHMT1,Recon3D,Homo sapiens
6470_AT2,SHMT1,Recon3D,Homo sapiens
64711_AT1,HS3ST6,Recon3D,Homo sapiens
6472_AT1,SHMT2,Recon3D,Homo sapiens
64748_AT1,PLPPR2,Recon3D,Homo sapiens
64754_AT1,SMYD3,Recon3D,Homo sapiens
6476_AT1,SI,Recon3D,Homo sapiens
64781_AT1,CERK,Recon3D,Homo sapiens
64781_AT2,CERK,Recon3D,Homo sapiens
64802_AT1,NMNAT1,Recon3D,Homo sapiens
64816_AT1,CYP3A43,Recon3D,Homo sapiens
64816_AT2,CYP3A43,Recon3D,Homo sapiens
64816_AT3,CYP3A43,Recon3D,Homo sapiens
6482_AT1,ST3GAL1,Recon3D,Homo sapiens
6482_AT2,ST3GAL1,Recon3D,Homo sapiens
64834_AT1,ELOVL1,Recon3D,Homo sapiens
6483_AT1,ST3GAL2,Recon3D,Homo sapiens
64841_AT1,GNPNAT1,Recon3D,Homo sapiens
64849_AT1,SLC13A3,Recon3D,Homo sapiens
64849_AT2,SLC13A3,Recon3D,Homo sapiens
6484_AT1,ST3GAL4,Recon3D,Homo sapiens
64850_AT1,ETNPPL,Recon3D,Homo sapiens
6487_AT1,ST3GAL3,Recon3D,Homo sapiens
6487_AT10,ST3GAL3,Recon3D,Homo sapiens
6487_AT11,ST3GAL3,Recon3D,Homo sapiens
6487_AT2,ST3GAL3,Recon3D,Homo sapiens
6487_AT3,ST3GAL3,Recon3D,Homo sapiens
6487_AT4,ST3GAL3,Recon3D,Homo sapiens
6487_AT5,ST3GAL3,Recon3D,Homo sapiens
6487_AT6,ST3GAL3,Recon3D,Homo sapiens
6487_AT7,ST3GAL3,Recon3D,Homo sapiens
6487_AT8,ST3GAL3,Recon3D,Homo sapiens
6487_AT9,ST3GAL3,Recon3D,Homo sapiens
6489_AT1,ST8SIA1,Recon3D,Homo sapiens
64900_AT1,LPIN3,Recon3D,Homo sapiens
64902_AT1,AGXT2,Recon3D,Homo sapiens
65010_AT1,SLC26A6,Recon3D,Homo sapiens
65010_AT2,SLC26A6,Recon3D,Homo sapiens
65010_AT3,SLC26A6,Recon3D,Homo sapiens
6505_AT1,SLC1A1,Recon3D,Homo sapiens
6506_AT1,SLC1A2,Recon3D,Homo sapiens
6507_AT1,SLC1A3,Recon3D,Homo sapiens
6508_AT1,SLC4A3,Recon3D,Homo sapiens
6508_AT2,SLC4A3,Recon3D,Homo sapiens
6509_AT1,SLC1A4,Recon3D,Homo sapiens
6510_AT1,SLC1A5,Recon3D,Homo sapiens
6511_AT1,SLC1A6,Recon3D,Homo sapiens
6512_AT1,SLC1A7,Recon3D,Homo sapiens
6513_AT1,SLC2A1,Recon3D,Homo sapiens
6514_AT1,SLC2A2,Recon3D,Homo sapiens
6515_AT1,SLC2A3,Recon3D,Homo sapiens
6517_AT1,SLC2A4,Recon3D,Homo sapiens
6518_AT1,SLC2A5,Recon3D,Homo sapiens
6519_AT1,SLC3A1,Recon3D,Homo sapiens
6520_AT1,SLC3A2,Recon3D,Homo sapiens
6521_AT1,SLC4A1,Recon3D,Homo sapiens
65220_AT1,NADK,Recon3D,Homo sapiens
6522_AT1,SLC4A2,Recon3D,Homo sapiens
6523_AT1,SLC5A1,Recon3D,Homo sapiens
6524_AT1,SLC5A2,Recon3D,Homo sapiens
65263_AT1,PYCRL,Recon3D,Homo sapiens
6526_AT1,SLC5A3,Recon3D,Homo sapiens
6528_AT1,SLC5A5,Recon3D,Homo sapiens
6529_AT1,SLC6A1,Recon3D,Homo sapiens
6530_AT1,SLC6A2,Recon3D,Homo sapiens
6531_AT1,SLC6A3,Recon3D,Homo sapiens
6532_AT1,SLC6A4,Recon3D,Homo sapiens
6533_AT1,SLC6A6,Recon3D,Homo sapiens
6534_AT1,SLC6A7,Recon3D,Homo sapiens
6535_AT1,SLC6A8,Recon3D,Homo sapiens
6536_AT1,SLC6A9,Recon3D,Homo sapiens
6536_AT2,SLC6A9,Recon3D,Homo sapiens
6538_AT1,SLC6A11,Recon3D,Homo sapiens
6539_AT1,SLC6A12,Recon3D,Homo sapiens
6540_AT1,SLC6A13,Recon3D,Homo sapiens
6541_AT1,SLC7A1,Recon3D,Homo sapiens
6542_AT1,SLC7A2,Recon3D,Homo sapiens
6543_AT1,SLC8A2,Recon3D,Homo sapiens
6546_AT1,SLC8A1,Recon3D,Homo sapiens
6547_AT1,SLC8A3,Recon3D,Homo sapiens
6547_AT2,SLC8A3,Recon3D,Homo sapiens
6547_AT3,SLC8A3,Recon3D,Homo sapiens
6547_AT4,SLC8A3,Recon3D,Homo sapiens
6547_AT5,SLC8A3,Recon3D,Homo sapiens
6547_AT6,SLC8A3,Recon3D,Homo sapiens
6548_AT1,SLC9A1,Recon3D,Homo sapiens
6549_AT1,SLC9A2,Recon3D,Homo sapiens
6550_AT1,SLC9A3,Recon3D,Homo sapiens
6553_AT1,SLC9A5,Recon3D,Homo sapiens
6554_AT1,SLC10A1,Recon3D,Homo sapiens
6555_AT1,SLC10A2,Recon3D,Homo sapiens
6556_AT1,SLC11A1,Recon3D,Homo sapiens
6557_AT1,SLC12A1,Recon3D,Homo sapiens
6558_AT1,SLC12A2,Recon3D,Homo sapiens
6559_AT1,SLC12A3,Recon3D,Homo sapiens
6560_AT1,SLC12A4,Recon3D,Homo sapiens
6561_AT1,SLC13A1,Recon3D,Homo sapiens
6563_AT1,SLC14A1,Recon3D,Homo sapiens
6564_AT1,SLC15A1,Recon3D,Homo sapiens
6565_AT1,SLC15A2,Recon3D,Homo sapiens
6566_AT1,SLC16A1,Recon3D,Homo sapiens
6567_AT1,SLC16A2,Recon3D,Homo sapiens
6568_AT1,SLC17A1,Recon3D,Homo sapiens
6569_AT1,SLC34A1,Recon3D,Homo sapiens
6570_AT1,SLC18A1,Recon3D,Homo sapiens
6571_AT1,SLC18A2,Recon3D,Homo sapiens
6572_AT1,SLC18A3,Recon3D,Homo sapiens
6573_AT1,SLC19A1,Recon3D,Homo sapiens
6573_AT2,SLC19A1,Recon3D,Homo sapiens
6574_AT1,SLC20A1,Recon3D,Homo sapiens
6575_AT1,SLC20A2,Recon3D,Homo sapiens
6576_AT1,SLC25A1,Recon3D,Homo sapiens
6578_AT1,SLCO2A1,Recon3D,Homo sapiens
6579_AT1,SLCO1A2,Recon3D,Homo sapiens
6580_AT1,SLC22A1,Recon3D,Homo sapiens
6581_AT1,SLC22A3,Recon3D,Homo sapiens
6582_AT1,SLC22A2,Recon3D,Homo sapiens
6582_AT2,SLC22A2,Recon3D,Homo sapiens
6583_AT1,SLC22A4,Recon3D,Homo sapiens
6584_AT1,SLC22A5,Recon3D,Homo sapiens
65985_AT1,AACS,Recon3D,Homo sapiens
66002_AT1,CYP4F12,Recon3D,Homo sapiens
66035_AT1,SLC2A11,Recon3D,Homo sapiens
6609_AT1,SMPD1,Recon3D,Homo sapiens
6610_AT1,SMPD2,Recon3D,Homo sapiens
6611_AT1,SMS,Recon3D,Homo sapiens
6646_AT1,SOAT1,Recon3D,Homo sapiens
6647_AT1,SOD1,Recon3D,Homo sapiens
6648_AT1,SOD2,Recon3D,Homo sapiens
6649_AT1,SOD3,Recon3D,Homo sapiens
6652_AT1,SORD,Recon3D,Homo sapiens
6675_AT1,UAP1,Recon3D,Homo sapiens
6697_AT1,SPR,Recon3D,Homo sapiens
669_AT1,BPGM,Recon3D,Homo sapiens
669_AT2,BPGM,Recon3D,Homo sapiens
6713_AT1,SQLE,Recon3D,Homo sapiens
6715_AT1,SRD5A1,Recon3D,Homo sapiens
6716_AT1,SRD5A2,Recon3D,Homo sapiens
6718_AT1,AKR1D1,Recon3D,Homo sapiens
6723_AT1,SRM,Recon3D,Homo sapiens
6783_AT1,SULT1E1,Recon3D,Homo sapiens
6785_AT1,ELOVL4,Recon3D,Homo sapiens
6799_AT1,SULT1A2,Recon3D,Homo sapiens
6799_AT2,SULT1A2,Recon3D,Homo sapiens
6817_AT1,SULT1A1,Recon3D,Homo sapiens
6817_AT2,SULT1A1,Recon3D,Homo sapiens
6817_AT3,SULT1A1,Recon3D,Homo sapiens
6817_AT4,SULT1A1,Recon3D,Homo sapiens
6817_AT5,SULT1A1,Recon3D,Homo sapiens
6818_AT1,SULT1A3,Recon3D,Homo sapiens
6818_AT2,SULT1A3,Recon3D,Homo sapiens
6818_AT3,SULT1A3,Recon3D,Homo sapiens
6819_AT1,SULT1C2,Recon3D,Homo sapiens
6820_AT1,SULT2B1,Recon3D,Homo sapiens
6820_AT2,SULT2B1,Recon3D,Homo sapiens
6821_AT1,SUOX,Recon3D,Homo sapiens
6822_AT1,SULT2A1,Recon3D,Homo sapiens
682_AT1,BSG,Recon3D,Homo sapiens
6833_AT1,ABCC8,Recon3D,Homo sapiens
6839_AT1,SUV39H1,Recon3D,Homo sapiens
686_AT1,BTD,Recon3D,Homo sapiens
6888_AT1,TALDO1,Recon3D,Homo sapiens
6898_AT1,TAT,Recon3D,Homo sapiens
6916_AT1,TBXAS1,Recon3D,Homo sapiens
6999_AT1,TDO2,Recon3D,Homo sapiens
7001_AT1,PRDX2,Recon3D,Homo sapiens
7001_AT2,PRDX2,Recon3D,Homo sapiens
7001_AT3,PRDX2,Recon3D,Homo sapiens
7054_AT1,TH,Recon3D,Homo sapiens
7054_AT2,TH,Recon3D,Homo sapiens
7054_AT3,TH,Recon3D,Homo sapiens
7083_AT1,TK1,Recon3D,Homo sapiens
7084_AT1,TK2,Recon3D,Homo sapiens
7086_AT1,TKT,Recon3D,Homo sapiens
7108_AT1,TM7SF2,Recon3D,Homo sapiens
7166_AT1,TPH1,Recon3D,Homo sapiens
7167_AT1,TPI1,Recon3D,Homo sapiens
7173_AT1,TPO,Recon3D,Homo sapiens
7173_AT2,TPO,Recon3D,Homo sapiens
7173_AT3,TPO,Recon3D,Homo sapiens
7173_AT4,TPO,Recon3D,Homo sapiens
7173_AT5,TPO,Recon3D,Homo sapiens
7177_AT1,TPSAB1,Recon3D,Homo sapiens
7263_AT1,TST,Recon3D,Homo sapiens
7264_AT1,TSTA3,Recon3D,Homo sapiens
728441_AT1,GGT2,Recon3D,Homo sapiens
7296_AT1,TXNRD1,Recon3D,Homo sapiens
7296_AT2,TXNRD1,Recon3D,Homo sapiens
7296_AT3,TXNRD1,Recon3D,Homo sapiens
7296_AT4,TXNRD1,Recon3D,Homo sapiens
7298_AT1,TYMS,Recon3D,Homo sapiens
7299_AT1,TYR,Recon3D,Homo sapiens
7306_AT1,TYRP1,Recon3D,Homo sapiens
7350_AT1,UCP1,Recon3D,Homo sapiens
7351_AT1,UCP2,Recon3D,Homo sapiens
7352_AT1,UCP3,Recon3D,Homo sapiens
7352_AT2,UCP3,Recon3D,Homo sapiens
7355_AT1,SLC35A2,Recon3D,Homo sapiens
7357_AT1,UGCG,Recon3D,Homo sapiens
7358_AT1,UGDH,Recon3D,Homo sapiens
7360_AT1,UGP2,Recon3D,Homo sapiens
7360_AT2,UGP2,Recon3D,Homo sapiens
7363_AT1,UGT2B4,Recon3D,Homo sapiens
7364_AT1,UGT2B7,Recon3D,Homo sapiens
7365_AT1,UGT2B10,Recon3D,Homo sapiens
7366_AT1,UGT2B15,Recon3D,Homo sapiens
7367_AT1,UGT2B17,Recon3D,Homo sapiens
7368_AT1,UGT8,Recon3D,Homo sapiens
7371_AT1,UCK2,Recon3D,Homo sapiens
7372_AT1,UMPS,Recon3D,Homo sapiens
7378_AT1,UPP1,Recon3D,Homo sapiens
7378_AT2,UPP1,Recon3D,Homo sapiens
7381_AT1,UQCRB,Recon3D,Homo sapiens
7384_AT1,UQCRC1,Recon3D,Homo sapiens
7385_AT1,UQCRC2,Recon3D,Homo sapiens
7386_AT1,UQCRFS1,Recon3D,Homo sapiens
7388_AT1,UQCRH,Recon3D,Homo sapiens
7389_AT1,UROD,Recon3D,Homo sapiens
7390_AT1,UROS,Recon3D,Homo sapiens
7468_AT1,WHSC1,Recon3D,Homo sapiens
747_AT1,DAGLA,Recon3D,Homo sapiens
7498_AT1,XDH,Recon3D,Homo sapiens
759_AT1,CA1,Recon3D,Homo sapiens
760_AT1,CA2,Recon3D,Homo sapiens
761_AT1,CA3,Recon3D,Homo sapiens
762_AT1,CA4,Recon3D,Homo sapiens
763_AT1,CA5A,Recon3D,Homo sapiens
765_AT1,CA6,Recon3D,Homo sapiens
766_AT1,CA7,Recon3D,Homo sapiens
766_AT2,CA7,Recon3D,Homo sapiens
767_AT1,CA8,Recon3D,Homo sapiens
768_AT1,CA9,Recon3D,Homo sapiens
771_AT1,CA12,Recon3D,Homo sapiens
771_AT2,CA12,Recon3D,Homo sapiens
7779_AT1,SLC30A1,Recon3D,Homo sapiens
7837_AT1,PXDN,Recon3D,Homo sapiens
788_AT1,SLC25A20,Recon3D,Homo sapiens
79017_AT1,GGCT,Recon3D,Homo sapiens
7903_AT1,ST8SIA4,Recon3D,Homo sapiens
79071_AT1,ELOVL6,Recon3D,Homo sapiens
79077_AT1,DCTPP1,Recon3D,Homo sapiens
79087_AT1,ALG12,Recon3D,Homo sapiens
790_AT1,CAD,Recon3D,Homo sapiens
7915_AT1,ALDH5A1,Recon3D,Homo sapiens
7915_AT2,ALDH5A1,Recon3D,Homo sapiens
79178_AT1,THTPA,Recon3D,Homo sapiens
7923_AT1,HSD17B8,Recon3D,Homo sapiens
79369_AT1,B3GNT4,Recon3D,Homo sapiens
79411_AT1,GLB1L,Recon3D,Homo sapiens
7941_AT1,PLA2G7,Recon3D,Homo sapiens
79581_AT1,SLC52A2,Recon3D,Homo sapiens
79586_AT1,CHPF,Recon3D,Homo sapiens
79603_AT1,CERS4,Recon3D,Homo sapiens
79611_AT1,ACSS3,Recon3D,Homo sapiens
79623_AT1,GALNT14,Recon3D,Homo sapiens
79644_AT1,SRD5A3,Recon3D,Homo sapiens
79646_AT1,PANK3,Recon3D,Homo sapiens
79672_AT1,FN3KRP,Recon3D,Homo sapiens
79695_AT1,GALNT12,Recon3D,Homo sapiens
79707_AT1,NOL9,Recon3D,Homo sapiens
79717_AT1,PPCS,Recon3D,Homo sapiens
79723_AT1,SUV39H2,Recon3D,Homo sapiens
79751_AT1,SLC25A22,Recon3D,Homo sapiens
79799_AT1,UGT2A3,Recon3D,Homo sapiens
79813_AT1,EHMT1,Recon3D,Homo sapiens
79814_AT1,AGMAT,Recon3D,Homo sapiens
79837_AT1,PIP4K2C,Recon3D,Homo sapiens
79896_AT1,THNSL1,Recon3D,Homo sapiens
79901_AT1,CYBRD1,Recon3D,Homo sapiens
7991_AT1,TUSC3,Recon3D,Homo sapiens
7991_AT2,TUSC3,Recon3D,Homo sapiens
79948_AT1,PLPPR3,Recon3D,Homo sapiens
79966_AT1,SCD5,Recon3D,Homo sapiens
79993_AT1,ELOVL7,Recon3D,Homo sapiens
80025_AT1,PANK2,Recon3D,Homo sapiens
80025_AT2,PANK2,Recon3D,Homo sapiens
80025_AT3,PANK2,Recon3D,Homo sapiens
80025_AT4,PANK2,Recon3D,Homo sapiens
80055_AT1,PGAP1,Recon3D,Homo sapiens
80142_AT1,PTGES2,Recon3D,Homo sapiens
80142_AT2,PTGES2,Recon3D,Homo sapiens
80142_AT3,PTGES2,Recon3D,Homo sapiens
80142_AT4,PTGES2,Recon3D,Homo sapiens
80146_AT1,UXS1,Recon3D,Homo sapiens
80150_AT1,ASRGL1,Recon3D,Homo sapiens
80162_AT1,ATHL1,Recon3D,Homo sapiens
80168_AT1,MOGAT2,Recon3D,Homo sapiens
80201_AT1,HKDC1,Recon3D,Homo sapiens
80235_AT1,PIGZ,Recon3D,Homo sapiens
80270_AT1,HSD3B7,Recon3D,Homo sapiens
80271_AT1,ITPKC,Recon3D,Homo sapiens
80308_AT1,FLAD1,Recon3D,Homo sapiens
80308_AT2,FLAD1,Recon3D,Homo sapiens
80339_AT1,PNPLA3,Recon3D,Homo sapiens
80347_AT1,COASY,Recon3D,Homo sapiens
8034_AT1,SLC25A16,Recon3D,Homo sapiens
8041_AT1,,Recon3D,Homo sapiens
8050_AT1,PDHX,Recon3D,Homo sapiens
80704_AT1,SLC19A3,Recon3D,Homo sapiens
80724_AT1,ACAD10,Recon3D,Homo sapiens
80854_AT1,SETD7,Recon3D,Homo sapiens
8085_AT1,KMT2D,Recon3D,Homo sapiens
81031_AT1,SLC2A10,Recon3D,Homo sapiens
8140_AT1,SLC7A5,Recon3D,Homo sapiens
81490_AT1,PTDSS2,Recon3D,Homo sapiens
81537_AT1,SGPP1,Recon3D,Homo sapiens
81539_AT1,SLC38A1,Recon3D,Homo sapiens
81579_AT1,PLA2G12A,Recon3D,Homo sapiens
81616_AT1,ACSBG2,Recon3D,Homo sapiens
8170_AT1,SLC14A2,Recon3D,Homo sapiens
81849_AT1,ST6GALNAC5,Recon3D,Homo sapiens
81894_AT1,SLC25A28,Recon3D,Homo sapiens
8228_AT1,PNPLA4,Recon3D,Homo sapiens
8277_AT1,TKTL1,Recon3D,Homo sapiens
8288_AT1,EPX,Recon3D,Homo sapiens
8309_AT1,ACOX2,Recon3D,Homo sapiens
8310_AT1,ACOX3,Recon3D,Homo sapiens
83401_AT1,ELOVL3,Recon3D,Homo sapiens
83468_AT1,GLT8D2,Recon3D,Homo sapiens
83549_AT1,UCK1,Recon3D,Homo sapiens
83594_AT1,NUDT12,Recon3D,Homo sapiens
83697_AT1,SLC4A9,Recon3D,Homo sapiens
8372_AT1,HYAL3,Recon3D,Homo sapiens
83733_AT1,SLC25A18,Recon3D,Homo sapiens
83852_AT1,SETDB2,Recon3D,Homo sapiens
83884_AT1,SLC25A2,Recon3D,Homo sapiens
8394_AT1,PIP5K1A,Recon3D,Homo sapiens
8395_AT1,PIP5K1B,Recon3D,Homo sapiens
8396_AT1,PIP4K2B,Recon3D,Homo sapiens
8396_AT2,PIP4K2B,Recon3D,Homo sapiens
8398_AT1,PLA2G6,Recon3D,Homo sapiens
8398_AT2,PLA2G6,Recon3D,Homo sapiens
8399_AT1,PLA2G10,Recon3D,Homo sapiens
84002_AT1,B3GNT5,Recon3D,Homo sapiens
8402_AT1,SLC25A11,Recon3D,Homo sapiens
84076_AT1,TKTL2,Recon3D,Homo sapiens
84105_AT1,PCBD2,Recon3D,Homo sapiens
84129_AT1,ACAD11,Recon3D,Homo sapiens
8424_AT1,BBOX1,Recon3D,Homo sapiens
84264_AT1,HAGHL,Recon3D,Homo sapiens
84264_AT2,HAGHL,Recon3D,Homo sapiens
84274_AT1,COQ5,Recon3D,Homo sapiens
8435_AT1,SOAT2,Recon3D,Homo sapiens
84444_AT1,DOT1L,Recon3D,Homo sapiens
8446_AT1,DUSP11,Recon3D,Homo sapiens
84513_AT1,PLPP5,Recon3D,Homo sapiens
84532_AT1,ACSS1,Recon3D,Homo sapiens
84569_AT1,LYZL1,Recon3D,Homo sapiens
84618_AT1,NT5C1A,Recon3D,Homo sapiens
84649_AT1,DGAT2,Recon3D,Homo sapiens
84679_AT1,SLC9A7,Recon3D,Homo sapiens
84693_AT1,MCEE,Recon3D,Homo sapiens
84701_AT1,COX4I2,Recon3D,Homo sapiens
84706_AT1,GPT2,Recon3D,Homo sapiens
84720_AT1,PIGO,Recon3D,Homo sapiens
84720_AT2,PIGO,Recon3D,Homo sapiens
84735_AT1,CNDP1,Recon3D,Homo sapiens
8473_AT1,OGT,Recon3D,Homo sapiens
84750_AT1,FUT10,Recon3D,Homo sapiens
84752_AT1,B3GNT9,Recon3D,Homo sapiens
84787_AT1,KMT5C,Recon3D,Homo sapiens
847_AT1,CAT,Recon3D,Homo sapiens
84812_AT1,PLCD4,Recon3D,Homo sapiens
84814_AT1,PLPP7,Recon3D,Homo sapiens
84869_AT1,CBR4,Recon3D,Homo sapiens
84889_AT1,SLC7A3,Recon3D,Homo sapiens
84890_AT1,ADO,Recon3D,Homo sapiens
84912_AT1,SLC35B4,Recon3D,Homo sapiens
84920_AT1,ALG10,Recon3D,Homo sapiens
85007_AT1,PHYKPL,Recon3D,Homo sapiens
8501_AT1,SLC43A1,Recon3D,Homo sapiens
8503_AT1,PIK3R3,Recon3D,Homo sapiens
8509_AT1,NDST2,Recon3D,Homo sapiens
8513_AT1,LIPF,Recon3D,Homo sapiens
8525_AT1,DGKZ,Recon3D,Homo sapiens
8525_AT2,DGKZ,Recon3D,Homo sapiens
8525_AT3,DGKZ,Recon3D,Homo sapiens
8526_AT1,DGKE,Recon3D,Homo sapiens
8527_AT1,DGKD,Recon3D,Homo sapiens
8527_AT2,DGKD,Recon3D,Homo sapiens
8528_AT1,DDO,Recon3D,Homo sapiens
8528_AT2,DDO,Recon3D,Homo sapiens
8529_AT1,CYP4F2,Recon3D,Homo sapiens
85320_AT1,ABCC11,Recon3D,Homo sapiens
8534_AT1,CHST1,Recon3D,Homo sapiens
85465_AT1,EPT1,Recon3D,Homo sapiens
8560_AT1,DEGS1,Recon3D,Homo sapiens
8560_AT2,DEGS1,Recon3D,Homo sapiens
8564_AT1,KMO,Recon3D,Homo sapiens
8566_AT1,PDXK,Recon3D,Homo sapiens
8574_AT1,AKR7A2,Recon3D,Homo sapiens
8604_AT1,SLC25A12,Recon3D,Homo sapiens
8608_AT1,RDH16,Recon3D,Homo sapiens
8611_AT1,PLPP1,Recon3D,Homo sapiens
8611_AT2,PLPP1,Recon3D,Homo sapiens
8612_AT1,PLPP2,Recon3D,Homo sapiens
8613_AT1,PLPP3,Recon3D,Homo sapiens
8622_AT1,PDE8B,Recon3D,Homo sapiens
8630_AT1,HSD17B6,Recon3D,Homo sapiens
8639_AT1,AOC3,Recon3D,Homo sapiens
8644_AT1,AKR1C3,Recon3D,Homo sapiens
8647_AT1,ABCB11,Recon3D,Homo sapiens
8654_AT1,PDE5A,Recon3D,Homo sapiens
8654_AT2,PDE5A,Recon3D,Homo sapiens
8654_AT3,PDE5A,Recon3D,Homo sapiens
8659_AT1,ALDH4A1,Recon3D,Homo sapiens
8659_AT2,ALDH4A1,Recon3D,Homo sapiens
8671_AT1,SLC4A4,Recon3D,Homo sapiens
8693_AT1,GALNT4,Recon3D,Homo sapiens
8694_AT1,DGAT1,Recon3D,Homo sapiens
8702_AT1,B4GALT4,Recon3D,Homo sapiens
8703_AT1,B4GALT3,Recon3D,Homo sapiens
8704_AT1,B4GALT2,Recon3D,Homo sapiens
8704_AT2,B4GALT2,Recon3D,Homo sapiens
8705_AT1,B3GALT4,Recon3D,Homo sapiens
8706_AT1,B3GALNT1,Recon3D,Homo sapiens
8706_AT2,B3GALNT1,Recon3D,Homo sapiens
8706_AT3,B3GALNT1,Recon3D,Homo sapiens
8706_AT4,B3GALNT1,Recon3D,Homo sapiens
8707_AT1,B3GALT2,Recon3D,Homo sapiens
8708_AT1,B3GALT1,Recon3D,Homo sapiens
8714_AT1,ABCC3,Recon3D,Homo sapiens
8714_AT2,ABCC3,Recon3D,Homo sapiens
8714_AT3,ABCC3,Recon3D,Homo sapiens
8733_AT1,GPAA1,Recon3D,Homo sapiens
873_AT1,CBR1,Recon3D,Homo sapiens
874_AT1,CBR3,Recon3D,Homo sapiens
875_AT1,CBS,Recon3D,Homo sapiens
8760_AT1,CDS2,Recon3D,Homo sapiens
8776_AT1,MTMR1,Recon3D,Homo sapiens
8781_AT1,,Recon3D,Homo sapiens
8789_AT1,FBP2,Recon3D,Homo sapiens
8790_AT1,FPGT,Recon3D,Homo sapiens
8801_AT1,SUCLG2,Recon3D,Homo sapiens
8802_AT1,SUCLG1,Recon3D,Homo sapiens
8803_AT1,SUCLA2,Recon3D,Homo sapiens
8818_AT1,DPM2,Recon3D,Homo sapiens
8818_AT2,DPM2,Recon3D,Homo sapiens
8821_AT1,INPP4B,Recon3D,Homo sapiens
8824_AT1,CES2,Recon3D,Homo sapiens
8833_AT1,GMPS,Recon3D,Homo sapiens
8836_AT1,GGH,Recon3D,Homo sapiens
883_AT1,KYAT1,Recon3D,Homo sapiens
8854_AT1,ALDH1A2,Recon3D,Homo sapiens
8854_AT2,ALDH1A2,Recon3D,Homo sapiens
8854_AT3,ALDH1A2,Recon3D,Homo sapiens
8867_AT1,SYNJ1,Recon3D,Homo sapiens
8867_AT2,SYNJ1,Recon3D,Homo sapiens
8869_AT1,ST3GAL5,Recon3D,Homo sapiens
8871_AT1,SYNJ2,Recon3D,Homo sapiens
8875_AT1,VNN2,Recon3D,Homo sapiens
8875_AT2,VNN2,Recon3D,Homo sapiens
8876_AT1,VNN1,Recon3D,Homo sapiens
8877_AT1,SPHK1,Recon3D,Homo sapiens
8879_AT1,SGPL1,Recon3D,Homo sapiens
8884_AT1,SLC5A6,Recon3D,Homo sapiens
8897_AT1,MTMR3,Recon3D,Homo sapiens
8897_AT2,MTMR3,Recon3D,Homo sapiens
8897_AT3,MTMR3,Recon3D,Homo sapiens
8898_AT1,MTMR2,Recon3D,Homo sapiens
8908_AT1,GYG2,Recon3D,Homo sapiens
8942_AT1,KYNU,Recon3D,Homo sapiens
8972_AT1,MGAM,Recon3D,Homo sapiens
8974_AT1,P4HA2,Recon3D,Homo sapiens
89869_AT1,PLCZ1,Recon3D,Homo sapiens
89872_AT1,AQP10,Recon3D,Homo sapiens
89874_AT1,SLC25A21,Recon3D,Homo sapiens
8992_AT1,ATP6V0E1,Recon3D,Homo sapiens
90161_AT1,HS6ST2,Recon3D,Homo sapiens
90161_AT2,HS6ST2,Recon3D,Homo sapiens
9016_AT1,SLC25A14,Recon3D,Homo sapiens
9016_AT2,SLC25A14,Recon3D,Homo sapiens
9023_AT1,CH25H,Recon3D,Homo sapiens
90423_AT1,ATP6V1E2,Recon3D,Homo sapiens
9045_AT1,RPL14,Recon3D,Homo sapiens
9056_AT1,SLC7A7,Recon3D,Homo sapiens
9057_AT1,SLC7A6,Recon3D,Homo sapiens
9058_AT1,SLC13A2,Recon3D,Homo sapiens
9060_AT1,PAPSS2,Recon3D,Homo sapiens
9061_AT1,PAPSS1,Recon3D,Homo sapiens
90701_AT1,SEC11C,Recon3D,Homo sapiens
9091_AT1,PIGQ,Recon3D,Homo sapiens
9091_AT2,PIGQ,Recon3D,Homo sapiens
91012_AT1,CERS5,Recon3D,Homo sapiens
9107_AT1,MTMR6,Recon3D,Homo sapiens
9108_AT1,MTMR7,Recon3D,Homo sapiens
9114_AT1,ATP6V0D1,Recon3D,Homo sapiens
91179_AT1,SCARF2,Recon3D,Homo sapiens
91227_AT1,GGTLC2,Recon3D,Homo sapiens
9123_AT1,SLC16A3,Recon3D,Homo sapiens
91373_AT1,UAP1L1,Recon3D,Homo sapiens
9152_AT1,SLC6A5,Recon3D,Homo sapiens
9153_AT1,SLC28A2,Recon3D,Homo sapiens
9154_AT1,SLC28A1,Recon3D,Homo sapiens
9154_AT2,SLC28A1,Recon3D,Homo sapiens
9162_AT1,DGKI,Recon3D,Homo sapiens
9167_AT1,COX7A2L,Recon3D,Homo sapiens
91703_AT1,ACY3,Recon3D,Homo sapiens
91734_AT1,IDI2,Recon3D,Homo sapiens
9187_AT1,SLC24A1,Recon3D,Homo sapiens
9194_AT1,SLC16A7,Recon3D,Homo sapiens
9197_AT1,SLC33A1,Recon3D,Homo sapiens
9200_AT1,HACD1,Recon3D,Homo sapiens
92086_AT1,GGTLC1,Recon3D,Homo sapiens
9227_AT1,LRAT,Recon3D,Homo sapiens
92370_AT1,PXYLP1,Recon3D,Homo sapiens
9245_AT1,GCNT3,Recon3D,Homo sapiens
92483_AT1,LDHAL6B,Recon3D,Homo sapiens
9249_AT1,DHRS3,Recon3D,Homo sapiens
92579_AT1,G6PC3,Recon3D,Homo sapiens
92745_AT1,SLC38A5,Recon3D,Homo sapiens
9296_AT1,ATP6V1F,Recon3D,Homo sapiens
93010_AT1,B3GNT7,Recon3D,Homo sapiens
93034_AT1,NT5C1B,Recon3D,Homo sapiens
93034_AT2,NT5C1B,Recon3D,Homo sapiens
93100_AT1,NAPRT,Recon3D,Homo sapiens
93183_AT1,PIGM,Recon3D,Homo sapiens
9331_AT1,B4GALT6,Recon3D,Homo sapiens
9334_AT1,B4GALT5,Recon3D,Homo sapiens
9348_AT1,NDST3,Recon3D,Homo sapiens
93492_AT1,TPTE2,Recon3D,Homo sapiens
93517_AT1,SDR42E1,Recon3D,Homo sapiens
9356_AT1,SLC22A6,Recon3D,Homo sapiens
93650_AT1,ACPT,Recon3D,Homo sapiens
9365_AT1,KL,Recon3D,Homo sapiens
9374_AT1,PPT2,Recon3D,Homo sapiens
9376_AT1,SLC22A8,Recon3D,Homo sapiens
9377_AT1,COX5A,Recon3D,Homo sapiens
9380_AT1,GRHPR,Recon3D,Homo sapiens
9388_AT1,LIPG,Recon3D,Homo sapiens
9390_AT1,SLC22A13,Recon3D,Homo sapiens
9394_AT1,HS6ST1,Recon3D,Homo sapiens
93979_AT1,CPA5,Recon3D,Homo sapiens
94005_AT1,PIGS,Recon3D,Homo sapiens
94033_AT1,FTMT,Recon3D,Homo sapiens
9415_AT1,FADS2,Recon3D,Homo sapiens
9420_AT1,CYP7B1,Recon3D,Homo sapiens
9429_AT1,ABCG2,Recon3D,Homo sapiens
9435_AT1,CHST2,Recon3D,Homo sapiens
9453_AT1,GGPS1,Recon3D,Homo sapiens
9468_AT1,PCYT1B,Recon3D,Homo sapiens
9469_AT1,CHST3,Recon3D,Homo sapiens
9481_AT1,SLC25A27,Recon3D,Homo sapiens
9487_AT1,PIGL,Recon3D,Homo sapiens
9488_AT1,PIGB,Recon3D,Homo sapiens
9489_AT1,PGS1,Recon3D,Homo sapiens
948_AT1,CD36,Recon3D,Homo sapiens
9497_AT1,SLC4A7,Recon3D,Homo sapiens
9498_AT1,SLC4A8,Recon3D,Homo sapiens
949_AT1,SCARB1,Recon3D,Homo sapiens
9514_AT1,GAL3ST1,Recon3D,Homo sapiens
9517_AT1,SPTLC2,Recon3D,Homo sapiens
9524_AT1,TECR,Recon3D,Homo sapiens
952_AT1,CD38,Recon3D,Homo sapiens
9536_AT1,PTGES,Recon3D,Homo sapiens
9536_AT2,PTGES,Recon3D,Homo sapiens
953_AT1,ENTPD1,Recon3D,Homo sapiens
954_AT1,ENTPD2,Recon3D,Homo sapiens
954_AT2,ENTPD2,Recon3D,Homo sapiens
9550_AT1,ATP6V1G1,Recon3D,Homo sapiens
9551_AT1,ATP5J2,Recon3D,Homo sapiens
9551_AT2,ATP5J2,Recon3D,Homo sapiens
9551_AT3,ATP5J2,Recon3D,Homo sapiens
955_AT1,ENTPD6,Recon3D,Homo sapiens
9562_AT1,MINPP1,Recon3D,Homo sapiens
9563_AT1,H6PD,Recon3D,Homo sapiens
956_AT1,ENTPD3,Recon3D,Homo sapiens
957_AT1,ENTPD5,Recon3D,Homo sapiens
9583_AT1,ENTPD4,Recon3D,Homo sapiens
9588_AT1,PRDX6,Recon3D,Homo sapiens
95_AT1,ACY1,Recon3D,Homo sapiens
9615_AT1,GDA,Recon3D,Homo sapiens
9651_AT1,PLCH2,Recon3D,Homo sapiens
9653_AT1,HS2ST1,Recon3D,Homo sapiens
9663_AT1,LPIN2,Recon3D,Homo sapiens
9677_AT1,PPIP5K1,Recon3D,Homo sapiens
9739_AT1,SETD1A,Recon3D,Homo sapiens
9757_AT1,KMT2B,Recon3D,Homo sapiens
9789_AT1,SPCS2,Recon3D,Homo sapiens
978_AT1,CDA,Recon3D,Homo sapiens
9791_AT1,PTDSS1,Recon3D,Homo sapiens
97_AT1,ACYP1,Recon3D,Homo sapiens
97_AT2,ACYP1,Recon3D,Homo sapiens
9807_AT1,IP6K1,Recon3D,Homo sapiens
9807_AT2,IP6K1,Recon3D,Homo sapiens
9843_AT1,HEPH,Recon3D,Homo sapiens
9869_AT1,SETDB1,Recon3D,Homo sapiens
9890_AT1,PLPPR4,Recon3D,Homo sapiens
9896_AT1,FIG4,Recon3D,Homo sapiens
98_AT1,ACYP2,Recon3D,Homo sapiens
9917_AT1,FAM20B,Recon3D,Homo sapiens
9942_AT1,XYLB,Recon3D,Homo sapiens
9945_AT1,GFPT2,Recon3D,Homo sapiens
9951_AT1,HS3ST4,Recon3D,Homo sapiens
9953_AT1,HS3ST3B1,Recon3D,Homo sapiens
9955_AT1,HS3ST3A1,Recon3D,Homo sapiens
9956_AT1,HS3ST2,Recon3D,Homo sapiens
9957_AT1,HS3ST1,Recon3D,Homo sapiens
9962_AT1,SLC23A2,Recon3D,Homo sapiens
9962_AT2,SLC23A2,Recon3D,Homo sapiens
9963_AT1,SLC23A1,Recon3D,Homo sapiens
9963_AT2,SLC23A1,Recon3D,Homo sapiens
9990_AT1,SLC12A6,Recon3D,Homo sapiens
